-- MySQL dump 10.13  Distrib 8.0.30, for Win64 (x86_64)
--
-- Host: matnam1.cnaby9jchg6u.ap-northeast-2.rds.amazonaws.com    Database: matnam
-- ------------------------------------------------------
-- Server version	8.0.28

/*!40101 SET @OLD_CHARACTER_SET_CLIENT=@@CHARACTER_SET_CLIENT */;
/*!40101 SET @OLD_CHARACTER_SET_RESULTS=@@CHARACTER_SET_RESULTS */;
/*!40101 SET @OLD_COLLATION_CONNECTION=@@COLLATION_CONNECTION */;
/*!50503 SET NAMES utf8 */;
/*!40103 SET @OLD_TIME_ZONE=@@TIME_ZONE */;
/*!40103 SET TIME_ZONE='+00:00' */;
/*!40014 SET @OLD_UNIQUE_CHECKS=@@UNIQUE_CHECKS, UNIQUE_CHECKS=0 */;
/*!40014 SET @OLD_FOREIGN_KEY_CHECKS=@@FOREIGN_KEY_CHECKS, FOREIGN_KEY_CHECKS=0 */;
/*!40101 SET @OLD_SQL_MODE=@@SQL_MODE, SQL_MODE='NO_AUTO_VALUE_ON_ZERO' */;
/*!40111 SET @OLD_SQL_NOTES=@@SQL_NOTES, SQL_NOTES=0 */;

--
-- Table structure for table `matnamChattingroom`
--

DROP TABLE IF EXISTS `matnamChattingroom`;
/*!40101 SET @saved_cs_client     = @@character_set_client */;
/*!50503 SET character_set_client = utf8mb4 */;
CREATE TABLE `matnamChattingroom` (
  `mnChat_Num` bigint unsigned NOT NULL AUTO_INCREMENT COMMENT '채팅방 number',
  `mnMmSeq` bigint DEFAULT NULL,
  `mnfdFriendSeq` bigint DEFAULT NULL,
  `mnMmname` varchar(45) DEFAULT NULL,
  `regSeq` bigint DEFAULT NULL,
  `regDevise` tinyint DEFAULT NULL,
  `regDateTime` datetime DEFAULT NULL,
  `regDateTimeSvr` datetime DEFAULT NULL,
  `modIp` varchar(100) DEFAULT NULL,
  `modSeq` bigint DEFAULT NULL,
  `modDevise` tinyint DEFAULT NULL,
  `modDateTime` datetime DEFAULT NULL,
  `modDateTimeSvr` datetime DEFAULT NULL,
  PRIMARY KEY (`mnChat_Num`)
) ENGINE=InnoDB AUTO_INCREMENT=8 DEFAULT CHARSET=utf8mb4 COLLATE=utf8mb4_0900_ai_ci;
/*!40101 SET character_set_client = @saved_cs_client */;

--
-- Dumping data for table `matnamChattingroom`
--

LOCK TABLES `matnamChattingroom` WRITE;
/*!40000 ALTER TABLE `matnamChattingroom` DISABLE KEYS */;
INSERT INTO `matnamChattingroom` VALUES (1,144,143,'차경석',NULL,NULL,NULL,NULL,NULL,NULL,NULL,NULL,NULL),(2,144,142,'차경석',NULL,NULL,NULL,NULL,NULL,NULL,NULL,NULL,NULL),(3,142,143,'한예린',NULL,NULL,NULL,NULL,NULL,NULL,NULL,NULL,NULL),(4,142,140,'한예린',NULL,NULL,NULL,NULL,NULL,NULL,NULL,NULL,NULL),(5,144,140,'유저게스트',NULL,NULL,NULL,NULL,NULL,NULL,NULL,NULL,NULL),(6,150,145,'강현준',NULL,NULL,NULL,NULL,NULL,NULL,NULL,NULL,NULL),(7,153,143,'홍길동',NULL,NULL,NULL,NULL,NULL,NULL,NULL,NULL,NULL);
/*!40000 ALTER TABLE `matnamChattingroom` ENABLE KEYS */;
UNLOCK TABLES;

--
-- Table structure for table `matnamCode`
--

DROP TABLE IF EXISTS `matnamCode`;
/*!40101 SET @saved_cs_client     = @@character_set_client */;
/*!50503 SET character_set_client = utf8mb4 */;
CREATE TABLE `matnamCode` (
  `mncdSeq` bigint unsigned NOT NULL AUTO_INCREMENT,
  `mncdSeqAnother` varchar(50) COLLATE utf8mb4_unicode_ci DEFAULT NULL,
  `mncdName` varchar(50) COLLATE utf8mb4_unicode_ci NOT NULL,
  `mncdNameEng` varchar(50) COLLATE utf8mb4_unicode_ci DEFAULT NULL,
  `mncdNameLang1` varchar(50) COLLATE utf8mb4_unicode_ci DEFAULT NULL,
  `mncdNameLang2` varchar(50) COLLATE utf8mb4_unicode_ci DEFAULT NULL,
  `mncdNameLang3` varchar(50) COLLATE utf8mb4_unicode_ci DEFAULT NULL,
  `mncdNameLang4` varchar(50) COLLATE utf8mb4_unicode_ci DEFAULT NULL,
  `mncdNameLang5` varchar(50) COLLATE utf8mb4_unicode_ci DEFAULT NULL,
  `mncdUseNy` tinyint DEFAULT NULL,
  `mncdOrder` tinyint DEFAULT NULL,
  `mncdReferenceV1` varchar(50) COLLATE utf8mb4_unicode_ci DEFAULT NULL,
  `mncdReferenceV2` varchar(50) COLLATE utf8mb4_unicode_ci DEFAULT NULL,
  `mncdReferenceV3` varchar(50) COLLATE utf8mb4_unicode_ci DEFAULT NULL,
  `mncdReferenceI1` int DEFAULT NULL,
  `mncdReferenceI2` int DEFAULT NULL,
  `mncdReferenceI3` int DEFAULT NULL,
  `mncdDesc` varchar(255) COLLATE utf8mb4_unicode_ci DEFAULT NULL,
  `mncdDelNy` tinyint NOT NULL,
  `regIp` varchar(100) COLLATE utf8mb4_unicode_ci DEFAULT NULL,
  `regSeq` bigint DEFAULT NULL,
  `regDevise` tinyint DEFAULT NULL,
  `regDateTime` datetime DEFAULT NULL,
  `regDateTimeSvr` datetime DEFAULT NULL,
  `modIp` varchar(100) COLLATE utf8mb4_unicode_ci DEFAULT NULL,
  `modSeq` bigint DEFAULT NULL,
  `modDevise` tinyint DEFAULT NULL,
  `modDateTime` datetime DEFAULT NULL,
  `modDateTimeSvr` datetime DEFAULT NULL,
  `mncgSeq` bigint unsigned NOT NULL,
  PRIMARY KEY (`mncdSeq`,`mncgSeq`),
  KEY `fk_infrCode_infrCodeGroup_idx` (`mncgSeq`),
  CONSTRAINT `fk_infrCode_infrCodeGroup` FOREIGN KEY (`mncgSeq`) REFERENCES `matnamCodeGroup` (`mncgSeq`)
) ENGINE=InnoDB AUTO_INCREMENT=150 DEFAULT CHARSET=utf8mb4 COLLATE=utf8mb4_unicode_ci;
/*!40101 SET character_set_client = @saved_cs_client */;

--
-- Dumping data for table `matnamCode`
--

LOCK TABLES `matnamCode` WRITE;
/*!40000 ALTER TABLE `matnamCode` DISABLE KEYS */;
INSERT INTO `matnamCode` VALUES (1,NULL,'남성',NULL,NULL,NULL,NULL,NULL,NULL,1,1,NULL,NULL,NULL,NULL,NULL,NULL,NULL,0,NULL,NULL,NULL,NULL,NULL,NULL,NULL,NULL,NULL,NULL,1),(2,NULL,'여성',NULL,NULL,NULL,NULL,NULL,NULL,1,2,NULL,NULL,NULL,NULL,NULL,NULL,NULL,0,NULL,NULL,NULL,NULL,NULL,NULL,NULL,NULL,NULL,NULL,1),(3,NULL,'기타',NULL,NULL,NULL,NULL,NULL,NULL,1,3,NULL,NULL,NULL,NULL,NULL,NULL,NULL,0,NULL,NULL,NULL,NULL,NULL,NULL,NULL,NULL,NULL,NULL,1),(4,NULL,'친구',NULL,NULL,NULL,NULL,NULL,NULL,1,1,NULL,NULL,NULL,NULL,NULL,NULL,NULL,0,NULL,NULL,NULL,NULL,NULL,NULL,NULL,NULL,NULL,NULL,2),(5,NULL,'차단친구',NULL,NULL,NULL,NULL,NULL,NULL,1,2,NULL,NULL,NULL,NULL,NULL,NULL,NULL,0,NULL,NULL,NULL,NULL,NULL,NULL,NULL,NULL,NULL,NULL,2),(6,NULL,'친구요청중',NULL,NULL,NULL,NULL,NULL,NULL,1,3,NULL,NULL,NULL,NULL,NULL,NULL,NULL,0,NULL,NULL,NULL,NULL,NULL,NULL,NULL,NULL,NULL,NULL,2),(7,NULL,'친구삭제',NULL,NULL,NULL,NULL,NULL,NULL,1,4,NULL,NULL,NULL,NULL,NULL,NULL,NULL,0,NULL,NULL,NULL,NULL,NULL,NULL,NULL,NULL,NULL,NULL,2),(8,NULL,'한식',NULL,NULL,NULL,NULL,NULL,NULL,1,1,NULL,NULL,NULL,NULL,NULL,NULL,NULL,0,NULL,NULL,NULL,NULL,NULL,NULL,NULL,NULL,NULL,NULL,4),(9,NULL,'양식',NULL,NULL,NULL,NULL,NULL,NULL,1,2,NULL,NULL,NULL,NULL,NULL,NULL,NULL,0,NULL,NULL,NULL,NULL,NULL,NULL,NULL,NULL,NULL,NULL,4),(10,NULL,'중식',NULL,NULL,NULL,NULL,NULL,NULL,1,3,NULL,NULL,NULL,NULL,NULL,NULL,NULL,0,NULL,NULL,NULL,NULL,NULL,NULL,NULL,NULL,NULL,NULL,4),(11,NULL,'일식',NULL,NULL,NULL,NULL,NULL,NULL,1,4,NULL,NULL,NULL,NULL,NULL,NULL,NULL,0,NULL,NULL,NULL,NULL,NULL,NULL,NULL,NULL,NULL,NULL,4),(12,NULL,'개인정보',NULL,NULL,NULL,NULL,NULL,NULL,1,1,NULL,NULL,NULL,NULL,NULL,NULL,NULL,0,NULL,NULL,NULL,NULL,NULL,NULL,NULL,NULL,NULL,NULL,5),(13,NULL,'프로필',NULL,NULL,NULL,NULL,NULL,NULL,1,2,NULL,NULL,NULL,NULL,NULL,NULL,NULL,0,NULL,NULL,NULL,NULL,NULL,NULL,NULL,NULL,NULL,NULL,5),(14,NULL,'직원 불친절 / 기타 불만',NULL,NULL,NULL,NULL,NULL,NULL,1,NULL,NULL,NULL,NULL,NULL,NULL,NULL,NULL,0,NULL,NULL,NULL,NULL,NULL,NULL,NULL,NULL,NULL,NULL,6),(15,NULL,'욕설/모욕적 언어사용 신고',NULL,NULL,NULL,NULL,NULL,NULL,1,NULL,NULL,NULL,NULL,NULL,NULL,NULL,NULL,0,NULL,NULL,NULL,NULL,NULL,NULL,NULL,NULL,NULL,NULL,6),(16,NULL,'웹사이트 사용관련 질의',NULL,NULL,NULL,NULL,NULL,NULL,1,NULL,NULL,NULL,NULL,NULL,NULL,NULL,NULL,0,NULL,NULL,NULL,NULL,NULL,NULL,NULL,NULL,NULL,NULL,6),(17,NULL,'사용자 매칭에 대한 질의사용자 매칭에 대한 질의',NULL,NULL,NULL,NULL,NULL,NULL,1,NULL,NULL,NULL,NULL,NULL,NULL,NULL,NULL,0,NULL,NULL,NULL,NULL,NULL,NULL,NULL,NULL,NULL,NULL,6),(18,NULL,'음식점 추천기준에 대한 질의',NULL,NULL,NULL,NULL,NULL,NULL,1,NULL,NULL,NULL,NULL,NULL,NULL,NULL,NULL,0,NULL,NULL,NULL,NULL,NULL,NULL,NULL,NULL,NULL,NULL,6),(97,'S000','서울시 전체',NULL,NULL,NULL,NULL,NULL,NULL,1,1,NULL,NULL,NULL,NULL,NULL,NULL,NULL,0,NULL,NULL,NULL,NULL,NULL,NULL,NULL,NULL,NULL,NULL,7),(98,'S101','강남구',NULL,NULL,NULL,NULL,NULL,NULL,1,2,NULL,NULL,NULL,NULL,NULL,NULL,NULL,0,NULL,NULL,NULL,NULL,NULL,NULL,NULL,NULL,NULL,NULL,7),(99,'S102','강동구',NULL,NULL,NULL,NULL,NULL,NULL,1,3,NULL,NULL,NULL,NULL,NULL,NULL,NULL,0,NULL,NULL,NULL,NULL,NULL,NULL,NULL,NULL,NULL,NULL,7),(100,'S103','강북구',NULL,NULL,NULL,NULL,NULL,NULL,1,4,NULL,NULL,NULL,NULL,NULL,NULL,NULL,0,NULL,NULL,NULL,NULL,NULL,NULL,NULL,NULL,NULL,NULL,7),(101,'S104','강서구',NULL,NULL,NULL,NULL,NULL,NULL,1,5,NULL,NULL,NULL,NULL,NULL,NULL,NULL,0,NULL,NULL,NULL,NULL,NULL,NULL,NULL,NULL,NULL,NULL,7),(102,'S105','관악구',NULL,NULL,NULL,NULL,NULL,NULL,1,6,NULL,NULL,NULL,NULL,NULL,NULL,NULL,0,NULL,NULL,NULL,NULL,NULL,NULL,NULL,NULL,NULL,NULL,7),(103,'S106','광진구',NULL,NULL,NULL,NULL,NULL,NULL,1,7,NULL,NULL,NULL,NULL,NULL,NULL,NULL,0,NULL,NULL,NULL,NULL,NULL,NULL,NULL,NULL,NULL,NULL,7),(104,'S107','구로구',NULL,NULL,NULL,NULL,NULL,NULL,1,8,NULL,NULL,NULL,NULL,NULL,NULL,NULL,0,NULL,NULL,NULL,NULL,NULL,NULL,NULL,NULL,NULL,NULL,7),(105,'S108','금천구',NULL,NULL,NULL,NULL,NULL,NULL,1,9,NULL,NULL,NULL,NULL,NULL,NULL,NULL,0,NULL,NULL,NULL,NULL,NULL,NULL,NULL,NULL,NULL,NULL,7),(106,'S109','노원구',NULL,NULL,NULL,NULL,NULL,NULL,1,10,NULL,NULL,NULL,NULL,NULL,NULL,NULL,0,NULL,NULL,NULL,NULL,NULL,NULL,NULL,NULL,NULL,NULL,7),(107,'S110','도봉구',NULL,NULL,NULL,NULL,NULL,NULL,1,11,NULL,NULL,NULL,NULL,NULL,NULL,NULL,0,NULL,NULL,NULL,NULL,NULL,NULL,NULL,NULL,NULL,NULL,7),(108,'S111','동대문구',NULL,NULL,NULL,NULL,NULL,NULL,1,12,NULL,NULL,NULL,NULL,NULL,NULL,NULL,0,NULL,NULL,NULL,NULL,NULL,NULL,NULL,NULL,NULL,NULL,7),(109,'S112','동작구',NULL,NULL,NULL,NULL,NULL,NULL,1,13,NULL,NULL,NULL,NULL,NULL,NULL,NULL,0,NULL,NULL,NULL,NULL,NULL,NULL,NULL,NULL,NULL,NULL,7),(110,'S113','마포구',NULL,NULL,NULL,NULL,NULL,NULL,1,14,NULL,NULL,NULL,NULL,NULL,NULL,NULL,0,NULL,NULL,NULL,NULL,NULL,NULL,NULL,NULL,NULL,NULL,7),(111,'S114','서대문구',NULL,NULL,NULL,NULL,NULL,NULL,1,15,NULL,NULL,NULL,NULL,NULL,NULL,NULL,0,NULL,NULL,NULL,NULL,NULL,NULL,NULL,NULL,NULL,NULL,7),(112,'S115','서초구',NULL,NULL,NULL,NULL,NULL,NULL,1,16,NULL,NULL,NULL,NULL,NULL,NULL,NULL,0,NULL,NULL,NULL,NULL,NULL,NULL,NULL,NULL,NULL,NULL,7),(113,'S116','성동구',NULL,NULL,NULL,NULL,NULL,NULL,1,17,NULL,NULL,NULL,NULL,NULL,NULL,NULL,0,NULL,NULL,NULL,NULL,NULL,NULL,NULL,NULL,NULL,NULL,7),(114,'S117','성북구',NULL,NULL,NULL,NULL,NULL,NULL,1,18,NULL,NULL,NULL,NULL,NULL,NULL,NULL,0,NULL,NULL,NULL,NULL,NULL,NULL,NULL,NULL,NULL,NULL,7),(115,'S118','송파구',NULL,NULL,NULL,NULL,NULL,NULL,1,19,NULL,NULL,NULL,NULL,NULL,NULL,NULL,0,NULL,NULL,NULL,NULL,NULL,NULL,NULL,NULL,NULL,NULL,7),(116,'S119','양천구',NULL,NULL,NULL,NULL,NULL,NULL,1,20,NULL,NULL,NULL,NULL,NULL,NULL,NULL,0,NULL,NULL,NULL,NULL,NULL,NULL,NULL,NULL,NULL,NULL,7),(117,'S120','영등포구',NULL,NULL,NULL,NULL,NULL,NULL,1,21,NULL,NULL,NULL,NULL,NULL,NULL,NULL,0,NULL,NULL,NULL,NULL,NULL,NULL,NULL,NULL,NULL,NULL,7),(118,'S121','용산구',NULL,NULL,NULL,NULL,NULL,NULL,1,22,NULL,NULL,NULL,NULL,NULL,NULL,NULL,0,NULL,NULL,NULL,NULL,NULL,NULL,NULL,NULL,NULL,NULL,7),(119,'S122','은평구',NULL,NULL,NULL,NULL,NULL,NULL,1,23,NULL,NULL,NULL,NULL,NULL,NULL,NULL,0,NULL,NULL,NULL,NULL,NULL,NULL,NULL,NULL,NULL,NULL,7),(120,'S123','종로구',NULL,NULL,NULL,NULL,NULL,NULL,1,24,NULL,NULL,NULL,NULL,NULL,NULL,NULL,0,NULL,NULL,NULL,NULL,NULL,NULL,NULL,NULL,NULL,NULL,7),(121,'S124','중구',NULL,NULL,NULL,NULL,NULL,NULL,1,25,NULL,NULL,NULL,NULL,NULL,NULL,NULL,0,NULL,NULL,NULL,NULL,NULL,NULL,NULL,NULL,NULL,NULL,7),(122,'S125','중랑구',NULL,NULL,NULL,NULL,NULL,NULL,1,26,NULL,NULL,NULL,NULL,NULL,NULL,NULL,0,NULL,NULL,NULL,NULL,NULL,NULL,NULL,NULL,NULL,NULL,7),(123,NULL,'한식',NULL,NULL,NULL,NULL,NULL,NULL,1,1,NULL,NULL,NULL,NULL,NULL,NULL,NULL,0,NULL,NULL,NULL,NULL,NULL,NULL,NULL,NULL,NULL,NULL,8),(124,NULL,'분식',NULL,NULL,NULL,NULL,NULL,NULL,1,2,NULL,NULL,NULL,NULL,NULL,NULL,NULL,0,NULL,NULL,NULL,NULL,NULL,NULL,NULL,NULL,NULL,NULL,8),(125,NULL,'카페,디저트',NULL,NULL,NULL,NULL,NULL,NULL,1,3,NULL,NULL,NULL,NULL,NULL,NULL,NULL,0,NULL,NULL,NULL,NULL,NULL,NULL,NULL,NULL,NULL,NULL,8),(126,NULL,'돈까스,회,일식',NULL,NULL,NULL,NULL,NULL,NULL,1,4,NULL,NULL,NULL,NULL,NULL,NULL,NULL,0,NULL,NULL,NULL,NULL,NULL,NULL,NULL,NULL,NULL,NULL,8),(127,NULL,'치킨',NULL,NULL,NULL,NULL,NULL,NULL,1,5,NULL,NULL,NULL,NULL,NULL,NULL,NULL,0,NULL,NULL,NULL,NULL,NULL,NULL,NULL,NULL,NULL,NULL,8),(128,NULL,'피자',NULL,NULL,NULL,NULL,NULL,NULL,1,6,NULL,NULL,NULL,NULL,NULL,NULL,NULL,0,NULL,NULL,NULL,NULL,NULL,NULL,NULL,NULL,NULL,NULL,8),(129,NULL,'아시안,양식',NULL,NULL,NULL,NULL,NULL,NULL,1,7,NULL,NULL,NULL,NULL,NULL,NULL,NULL,0,NULL,NULL,NULL,NULL,NULL,NULL,NULL,NULL,NULL,NULL,8),(130,NULL,'중국집',NULL,NULL,NULL,NULL,NULL,NULL,1,8,NULL,NULL,NULL,NULL,NULL,NULL,NULL,0,NULL,NULL,NULL,NULL,NULL,NULL,NULL,NULL,NULL,NULL,8),(131,NULL,'족발,보쌈',NULL,NULL,NULL,NULL,NULL,NULL,1,9,NULL,NULL,NULL,NULL,NULL,NULL,NULL,0,NULL,NULL,NULL,NULL,NULL,NULL,NULL,NULL,NULL,NULL,8),(132,NULL,'야식',NULL,NULL,NULL,NULL,NULL,NULL,1,10,NULL,NULL,NULL,NULL,NULL,NULL,NULL,0,NULL,NULL,NULL,NULL,NULL,NULL,NULL,NULL,NULL,NULL,8),(133,NULL,'찜,탕',NULL,NULL,NULL,NULL,NULL,NULL,1,11,NULL,NULL,NULL,NULL,NULL,NULL,NULL,0,NULL,NULL,NULL,NULL,NULL,NULL,NULL,NULL,NULL,NULL,8),(134,NULL,'도시락',NULL,NULL,NULL,NULL,NULL,NULL,1,12,NULL,NULL,NULL,NULL,NULL,NULL,NULL,0,NULL,NULL,NULL,NULL,NULL,NULL,NULL,NULL,NULL,NULL,8),(135,NULL,'패스트푸드',NULL,NULL,NULL,NULL,NULL,NULL,1,13,NULL,NULL,NULL,NULL,NULL,NULL,NULL,0,NULL,NULL,NULL,NULL,NULL,NULL,NULL,NULL,NULL,NULL,8),(136,NULL,'월',NULL,NULL,NULL,NULL,NULL,NULL,1,1,NULL,NULL,NULL,NULL,NULL,NULL,NULL,0,NULL,NULL,NULL,NULL,NULL,NULL,NULL,NULL,NULL,NULL,9),(137,NULL,'화',NULL,NULL,NULL,NULL,NULL,NULL,1,2,NULL,NULL,NULL,NULL,NULL,NULL,NULL,0,NULL,NULL,NULL,NULL,NULL,NULL,NULL,NULL,NULL,NULL,9),(138,NULL,'수',NULL,NULL,NULL,NULL,NULL,NULL,1,3,NULL,NULL,NULL,NULL,NULL,NULL,NULL,0,NULL,NULL,NULL,NULL,NULL,NULL,NULL,NULL,NULL,NULL,9),(139,NULL,'목',NULL,NULL,NULL,NULL,NULL,NULL,1,4,NULL,NULL,NULL,NULL,NULL,NULL,NULL,0,NULL,NULL,NULL,NULL,NULL,NULL,NULL,NULL,NULL,NULL,9),(140,NULL,'금',NULL,NULL,NULL,NULL,NULL,NULL,1,5,NULL,NULL,NULL,NULL,NULL,NULL,NULL,0,NULL,NULL,NULL,NULL,NULL,NULL,NULL,NULL,NULL,NULL,9),(141,NULL,'토',NULL,NULL,NULL,NULL,NULL,NULL,1,6,NULL,NULL,NULL,NULL,NULL,NULL,NULL,0,NULL,NULL,NULL,NULL,NULL,NULL,NULL,NULL,NULL,NULL,9),(142,NULL,'일',NULL,NULL,NULL,NULL,NULL,NULL,1,7,NULL,NULL,NULL,NULL,NULL,NULL,NULL,0,NULL,NULL,NULL,NULL,NULL,NULL,NULL,NULL,NULL,NULL,9),(143,NULL,'연중무휴',NULL,NULL,NULL,NULL,NULL,NULL,1,8,NULL,NULL,NULL,NULL,NULL,NULL,NULL,0,NULL,NULL,NULL,NULL,NULL,NULL,NULL,NULL,NULL,NULL,9),(144,NULL,'프로필배경',NULL,NULL,NULL,NULL,NULL,NULL,1,NULL,NULL,NULL,NULL,NULL,NULL,NULL,NULL,0,NULL,NULL,NULL,NULL,NULL,NULL,NULL,NULL,NULL,NULL,10),(145,NULL,'프로필사진',NULL,NULL,NULL,NULL,NULL,NULL,1,NULL,NULL,NULL,NULL,NULL,NULL,NULL,NULL,0,NULL,NULL,NULL,NULL,NULL,NULL,NULL,NULL,NULL,NULL,10),(148,NULL,'레스토랑로고',NULL,NULL,NULL,NULL,NULL,NULL,1,NULL,NULL,NULL,NULL,NULL,NULL,NULL,NULL,0,NULL,NULL,NULL,NULL,NULL,NULL,NULL,NULL,NULL,NULL,10),(149,NULL,'레스토랑사진',NULL,NULL,NULL,NULL,NULL,NULL,1,NULL,NULL,NULL,NULL,NULL,NULL,NULL,NULL,0,NULL,NULL,NULL,NULL,NULL,NULL,NULL,NULL,NULL,NULL,10);
/*!40000 ALTER TABLE `matnamCode` ENABLE KEYS */;
UNLOCK TABLES;

--
-- Table structure for table `matnamCodeGroup`
--

DROP TABLE IF EXISTS `matnamCodeGroup`;
/*!40101 SET @saved_cs_client     = @@character_set_client */;
/*!50503 SET character_set_client = utf8mb4 */;
CREATE TABLE `matnamCodeGroup` (
  `mncgSeq` bigint unsigned NOT NULL AUTO_INCREMENT,
  `mncgSeqAnother` varchar(50) COLLATE utf8mb4_unicode_ci DEFAULT NULL COMMENT 'KR, - 국가코드 - 82 이렇게 쓰는 예비용',
  `mncgName` varchar(100) COLLATE utf8mb4_unicode_ci NOT NULL,
  `mncgNameEng` varchar(100) COLLATE utf8mb4_unicode_ci DEFAULT NULL,
  `mncgUseNy` tinyint DEFAULT NULL,
  `mncgOrder` tinyint DEFAULT NULL,
  `mncgReferenceV1` varchar(50) COLLATE utf8mb4_unicode_ci DEFAULT NULL,
  `mncgReferenceV2` varchar(50) COLLATE utf8mb4_unicode_ci DEFAULT NULL,
  `mncgReferenceV3` varchar(50) COLLATE utf8mb4_unicode_ci DEFAULT NULL,
  `mncgReferenceI1` int DEFAULT NULL,
  `mncgReferenceI2` int DEFAULT NULL,
  `mncgReferenceI3` int DEFAULT NULL,
  `mncgDesc` varchar(255) COLLATE utf8mb4_unicode_ci DEFAULT NULL,
  `mncgDelNy` tinyint NOT NULL,
  `regIp` varchar(100) COLLATE utf8mb4_unicode_ci DEFAULT NULL,
  `regSeq` bigint DEFAULT NULL,
  `regDevise` tinyint DEFAULT NULL,
  `regDateTime` datetime DEFAULT NULL,
  `regDateTimeSvr` datetime DEFAULT NULL,
  `modIp` varchar(100) COLLATE utf8mb4_unicode_ci DEFAULT NULL,
  `modSeq` bigint DEFAULT NULL,
  `modDevise` tinyint DEFAULT NULL,
  `modDateTime` datetime DEFAULT NULL,
  `modDateTimeSvr` datetime DEFAULT NULL,
  PRIMARY KEY (`mncgSeq`)
) ENGINE=InnoDB AUTO_INCREMENT=11 DEFAULT CHARSET=utf8mb4 COLLATE=utf8mb4_unicode_ci;
/*!40101 SET character_set_client = @saved_cs_client */;

--
-- Dumping data for table `matnamCodeGroup`
--

LOCK TABLES `matnamCodeGroup` WRITE;
/*!40000 ALTER TABLE `matnamCodeGroup` DISABLE KEYS */;
INSERT INTO `matnamCodeGroup` VALUES (1,NULL,'성별','Gender',1,NULL,NULL,NULL,NULL,NULL,NULL,NULL,NULL,0,NULL,NULL,NULL,NULL,NULL,NULL,NULL,NULL,NULL,NULL),(2,NULL,'친구상태','FriendState',1,NULL,NULL,NULL,NULL,NULL,NULL,NULL,NULL,0,NULL,NULL,NULL,NULL,NULL,NULL,NULL,NULL,NULL,NULL),(4,NULL,'음식취향','Taste',1,NULL,NULL,NULL,NULL,NULL,NULL,NULL,NULL,0,NULL,NULL,NULL,NULL,NULL,NULL,NULL,NULL,NULL,NULL),(5,NULL,'프로필구분','Profile',1,NULL,NULL,NULL,NULL,NULL,NULL,NULL,NULL,0,NULL,NULL,NULL,NULL,NULL,NULL,NULL,NULL,NULL,NULL),(6,NULL,'문의유형','ServiceList',1,NULL,NULL,NULL,NULL,NULL,NULL,NULL,NULL,0,NULL,NULL,NULL,NULL,NULL,NULL,NULL,NULL,NULL,NULL),(7,NULL,'지역구분','Location',1,NULL,NULL,NULL,NULL,NULL,NULL,NULL,NULL,0,NULL,NULL,NULL,NULL,NULL,NULL,NULL,NULL,NULL,NULL),(8,NULL,'음식카테고리','FoodCate',1,NULL,NULL,NULL,NULL,NULL,NULL,NULL,NULL,0,NULL,NULL,NULL,NULL,NULL,NULL,NULL,NULL,NULL,NULL),(9,NULL,'휴무일','Holiday',1,NULL,NULL,NULL,NULL,NULL,NULL,NULL,NULL,0,NULL,NULL,NULL,NULL,NULL,NULL,NULL,NULL,NULL,NULL),(10,NULL,'파일출처','UploadFile',1,NULL,NULL,NULL,NULL,NULL,NULL,NULL,NULL,0,NULL,NULL,NULL,NULL,NULL,NULL,NULL,NULL,NULL,NULL);
/*!40000 ALTER TABLE `matnamCodeGroup` ENABLE KEYS */;
UNLOCK TABLES;

--
-- Table structure for table `matnamEvent`
--

DROP TABLE IF EXISTS `matnamEvent`;
/*!40101 SET @saved_cs_client     = @@character_set_client */;
/*!50503 SET character_set_client = utf8mb4 */;
CREATE TABLE `matnamEvent` (
  `mnevSeq` bigint unsigned NOT NULL AUTO_INCREMENT,
  `mnevTitle` varchar(100) COLLATE utf8mb4_unicode_ci DEFAULT NULL,
  `mnevContent` varchar(255) COLLATE utf8mb4_unicode_ci DEFAULT NULL,
  `mnevUseNy` tinyint DEFAULT NULL,
  `mnevDelNy` tinyint NOT NULL,
  `mnevStartDate` datetime DEFAULT NULL,
  `mnevEndDate` datetime DEFAULT NULL,
  `regIp` varchar(100) COLLATE utf8mb4_unicode_ci DEFAULT NULL,
  `regSeq` bigint DEFAULT NULL,
  `regDevise` tinyint DEFAULT NULL,
  `regDateTime` datetime DEFAULT NULL,
  `regDateTimeSvr` datetime DEFAULT NULL,
  `modIp` varchar(100) COLLATE utf8mb4_unicode_ci DEFAULT NULL,
  `modSeq` bigint DEFAULT NULL,
  `modDevise` tinyint DEFAULT NULL,
  `modDateTime` datetime DEFAULT NULL,
  `modDateTimeSvr` datetime DEFAULT NULL,
  PRIMARY KEY (`mnevSeq`)
) ENGINE=InnoDB AUTO_INCREMENT=34 DEFAULT CHARSET=utf8mb4 COLLATE=utf8mb4_unicode_ci;
/*!40101 SET character_set_client = @saved_cs_client */;

--
-- Dumping data for table `matnamEvent`
--

LOCK TABLES `matnamEvent` WRITE;
/*!40000 ALTER TABLE `matnamEvent` DISABLE KEYS */;
INSERT INTO `matnamEvent` VALUES (5,'선착순 50명 한정 이벤트!','선착순 50명 한정 ~증정',1,0,'2022-03-01 00:00:00','2022-03-15 00:00:00',NULL,NULL,NULL,NULL,NULL,NULL,NULL,NULL,NULL,NULL),(7,'친구초대 이벤트!','친구를 초대해보세요!',1,0,'2022-02-02 00:00:00','2022-02-14 00:00:00',NULL,NULL,NULL,NULL,NULL,NULL,NULL,NULL,NULL,NULL),(8,'선착순 50명 한정 이벤트!','선착순 50명 한정 ~증정',1,0,'2022-03-01 00:00:00','2022-03-15 00:00:00',NULL,NULL,NULL,NULL,NULL,NULL,NULL,NULL,NULL,NULL),(9,'추첨 3명!','추첨을 통해 3분 ~증정',0,0,'2022-03-16 00:00:00','2022-03-22 00:00:00',NULL,NULL,NULL,NULL,NULL,NULL,NULL,NULL,NULL,NULL),(10,'친구초대 이벤트!','친구를 초대해보세요!',1,0,'2022-02-02 00:00:00','2022-02-14 00:00:00',NULL,NULL,NULL,NULL,NULL,NULL,NULL,NULL,NULL,NULL),(11,'선착순 50명 한정 이벤트!','선착순 50명 한정 ~증정',1,0,'2022-03-01 00:00:00','2022-03-15 00:00:00',NULL,NULL,NULL,NULL,NULL,NULL,NULL,NULL,NULL,NULL),(12,'추첨 3명!','추첨을 통해 3분 ~증정',0,0,'2022-03-16 00:00:00','2022-03-22 00:00:00',NULL,NULL,NULL,NULL,NULL,NULL,NULL,NULL,NULL,NULL),(13,'친구초대 이벤트!','친구를 초대해보세요!',1,0,'2022-02-02 00:00:00','2022-02-14 00:00:00',NULL,NULL,NULL,NULL,NULL,NULL,NULL,NULL,NULL,NULL),(14,'선착순 50명 한정 이벤트!','선착순 50명 한정 ~증정',1,0,'2022-03-01 00:00:00','2022-03-15 00:00:00',NULL,NULL,NULL,NULL,NULL,NULL,NULL,NULL,NULL,NULL),(15,'추첨 3명!','추첨을 통해 3분 ~증정',0,0,'2022-03-16 00:00:00','2022-03-22 00:00:00',NULL,NULL,NULL,NULL,NULL,NULL,NULL,NULL,NULL,NULL),(16,'친구초대 이벤트!','친구를 초대해보세요!',1,0,'2022-02-02 00:00:00','2022-02-14 00:00:00',NULL,NULL,NULL,NULL,NULL,NULL,NULL,NULL,NULL,NULL),(17,'선착순 50명 한정 이벤트!','선착순 50명 한정 ~증정',1,0,'2022-03-01 00:00:00','2022-03-15 00:00:00',NULL,NULL,NULL,NULL,NULL,NULL,NULL,NULL,NULL,NULL),(18,'추첨 3명!','추첨을 통해 3분 ~증정',0,0,'2022-03-16 00:00:00','2022-03-22 00:00:00',NULL,NULL,NULL,NULL,NULL,NULL,NULL,NULL,NULL,NULL),(19,'친구초대 이벤트!','친구를 초대해보세요!',1,0,'2022-02-02 00:00:00','2022-02-14 00:00:00',NULL,NULL,NULL,NULL,NULL,NULL,NULL,NULL,NULL,NULL),(20,'선착순 50명 한정 이벤트!','선착순 50명 한정 ~증정',1,0,'2022-03-01 00:00:00','2022-03-15 00:00:00',NULL,NULL,NULL,NULL,NULL,NULL,NULL,NULL,NULL,NULL),(21,'추첨 3명!','추첨을 통해 3분 ~증정',0,0,'2022-03-16 00:00:00','2022-03-22 00:00:00',NULL,NULL,NULL,NULL,NULL,NULL,NULL,NULL,NULL,NULL),(22,'친구초대 이벤트!','친구를 초대해보세요!',1,0,'2022-02-02 00:00:00','2022-02-14 00:00:00',NULL,NULL,NULL,NULL,NULL,NULL,NULL,NULL,NULL,NULL),(23,'선착순 50명 한정 이벤트!','선착순 50명 한정 ~증정',1,0,'2022-03-01 00:00:00','2022-03-15 00:00:00',NULL,NULL,NULL,NULL,NULL,NULL,NULL,NULL,NULL,NULL),(24,'추첨 3명!','추첨을 통해 3분 ~증정',0,0,'2022-03-16 00:00:00','2022-03-22 00:00:00',NULL,NULL,NULL,NULL,NULL,NULL,NULL,NULL,NULL,NULL);
/*!40000 ALTER TABLE `matnamEvent` ENABLE KEYS */;
UNLOCK TABLES;

--
-- Table structure for table `matnamFriend`
--

DROP TABLE IF EXISTS `matnamFriend`;
/*!40101 SET @saved_cs_client     = @@character_set_client */;
/*!50503 SET character_set_client = utf8mb4 */;
CREATE TABLE `matnamFriend` (
  `mnfdSeq` bigint unsigned NOT NULL AUTO_INCREMENT,
  `mnfdFriendSeq` bigint DEFAULT NULL,
  `mnfdFriendStateCd` bigint DEFAULT NULL COMMENT '친구/차단/친구요청',
  `mnfdMessage` varchar(255) COLLATE utf8mb4_unicode_ci DEFAULT NULL COMMENT '친구신청메세지',
  `mnfdDelNy` tinyint NOT NULL,
  `regIp` varchar(100) COLLATE utf8mb4_unicode_ci DEFAULT NULL,
  `regSeq` bigint DEFAULT NULL,
  `regDevise` tinyint DEFAULT NULL,
  `regDateTime` datetime DEFAULT NULL,
  `regDateTimeSvr` datetime DEFAULT NULL,
  `modIp` varchar(100) COLLATE utf8mb4_unicode_ci DEFAULT NULL,
  `modSeq` bigint DEFAULT NULL,
  `modDevise` tinyint DEFAULT NULL,
  `modDateTime` datetime DEFAULT NULL,
  `modDateTimeSvr` datetime DEFAULT NULL,
  `mnMmSeq` bigint unsigned NOT NULL,
  PRIMARY KEY (`mnfdSeq`),
  KEY `fk_matnamFriend_matnamMember1_idx` (`mnMmSeq`),
  CONSTRAINT `fk_matnamFriend_matnamMember1` FOREIGN KEY (`mnMmSeq`) REFERENCES `matnamMember` (`mnMmSeq`)
) ENGINE=InnoDB AUTO_INCREMENT=72 DEFAULT CHARSET=utf8mb4 COLLATE=utf8mb4_unicode_ci;
/*!40101 SET character_set_client = @saved_cs_client */;

--
-- Dumping data for table `matnamFriend`
--

LOCK TABLES `matnamFriend` WRITE;
/*!40000 ALTER TABLE `matnamFriend` DISABLE KEYS */;
INSERT INTO `matnamFriend` VALUES (61,140,4,'안녕하세요~ 같이 밥먹어요',0,NULL,NULL,NULL,NULL,NULL,NULL,NULL,NULL,NULL,NULL,142),(62,140,4,'ghgd',0,NULL,NULL,NULL,NULL,NULL,NULL,NULL,NULL,NULL,NULL,144),(63,142,4,'qwe',0,NULL,NULL,NULL,NULL,NULL,NULL,NULL,NULL,NULL,NULL,144),(64,143,4,'ㅎㅇㅎㅇ',0,NULL,NULL,NULL,NULL,NULL,NULL,NULL,NULL,NULL,NULL,142),(65,143,4,'ㄹㅇ',0,NULL,NULL,NULL,NULL,NULL,NULL,NULL,NULL,NULL,NULL,144),(66,142,4,'예린아 안녕..',0,NULL,NULL,NULL,NULL,NULL,NULL,NULL,NULL,NULL,NULL,145),(67,145,4,'ㅎㅇ',0,NULL,NULL,NULL,NULL,NULL,NULL,NULL,NULL,NULL,NULL,150),(68,143,6,'안녕하세용 ',0,NULL,NULL,NULL,NULL,NULL,NULL,NULL,NULL,NULL,NULL,140),(69,145,6,'안녕하세요~ 저도 일식 좋아합니다 ㅎㅎ',0,NULL,NULL,NULL,NULL,NULL,NULL,NULL,NULL,NULL,NULL,140),(70,150,6,'5',0,NULL,NULL,NULL,NULL,NULL,NULL,NULL,NULL,NULL,NULL,140),(71,143,4,'hi',0,NULL,NULL,NULL,NULL,NULL,NULL,NULL,NULL,NULL,NULL,153);
/*!40000 ALTER TABLE `matnamFriend` ENABLE KEYS */;
UNLOCK TABLES;

--
-- Table structure for table `matnamMember`
--

DROP TABLE IF EXISTS `matnamMember`;
/*!40101 SET @saved_cs_client     = @@character_set_client */;
/*!50503 SET character_set_client = utf8mb4 */;
CREATE TABLE `matnamMember` (
  `mnMmSeq` bigint unsigned NOT NULL AUTO_INCREMENT,
  `mnMmAdminNy` tinyint DEFAULT NULL COMMENT '0 : 사용자\n1 : 관리자',
  `mnMmDormancyNy` tinyint DEFAULT NULL,
  `mnMmId` varchar(50) COLLATE utf8mb4_unicode_ci DEFAULT NULL,
  `mnMmPassword` varchar(100) COLLATE utf8mb4_unicode_ci DEFAULT NULL,
  `mnMmName` varchar(50) COLLATE utf8mb4_unicode_ci DEFAULT NULL,
  `mnMmDob_Year` int DEFAULT NULL,
  `mnMmDob_Month_Cd` bigint DEFAULT NULL COMMENT '패스워드 수정일 ',
  `mnMmDob_Day` int DEFAULT NULL COMMENT '이메일 마케팅 동의 여부 ',
  `mnMmGenderCd` bigint DEFAULT NULL,
  `mnMmMobilePublicNy` tinyint DEFAULT NULL,
  `mnMmEmail` varchar(50) COLLATE utf8mb4_unicode_ci DEFAULT NULL,
  `mnMmEmailPublicNy` tinyint DEFAULT NULL,
  `mnMmAddressPublicNy` tinyint DEFAULT NULL,
  `mnMmRankCd` tinyint DEFAULT NULL,
  `mnMmLike` bigint DEFAULT NULL,
  `mnMmIntroduce` varchar(255) COLLATE utf8mb4_unicode_ci DEFAULT NULL,
  `mnMmDelNy` tinyint NOT NULL,
  `regIp` varchar(100) COLLATE utf8mb4_unicode_ci DEFAULT NULL,
  `regSeq` bigint DEFAULT NULL,
  `regDevise` tinyint DEFAULT NULL,
  `regDateTime` datetime DEFAULT NULL,
  `regDateTimeSvr` datetime DEFAULT NULL,
  `modIp` varchar(100) COLLATE utf8mb4_unicode_ci DEFAULT NULL,
  `modSeq` bigint DEFAULT NULL,
  `modDevise` tinyint DEFAULT NULL,
  `modDateTime` datetime DEFAULT NULL,
  `modDateTimeSvr` datetime DEFAULT NULL,
  PRIMARY KEY (`mnMmSeq`)
) ENGINE=InnoDB AUTO_INCREMENT=154 DEFAULT CHARSET=utf8mb4 COLLATE=utf8mb4_unicode_ci;
/*!40101 SET character_set_client = @saved_cs_client */;

--
-- Dumping data for table `matnamMember`
--

LOCK TABLES `matnamMember` WRITE;
/*!40000 ALTER TABLE `matnamMember` DISABLE KEYS */;
INSERT INTO `matnamMember` VALUES (140,0,NULL,'guest1','guest1','유저게스트',2000,1,1,3,1,' guest1@gmail.com',1,1,NULL,0,'안녕하세요. 맛남의 광장에 오신것을 환영합니다.',0,NULL,NULL,NULL,'2022-06-19 20:26:01',NULL,NULL,NULL,NULL,'2022-06-19 20:26:01',NULL),(141,1,NULL,'admin1','admin1','관리자게스트',2000,1,1,3,NULL,' ',NULL,NULL,NULL,0,NULL,0,NULL,NULL,NULL,'2022-06-19 20:27:35',NULL,NULL,NULL,NULL,'2022-06-19 20:27:35',NULL),(142,0,NULL,'hanyerin','han1234','한예린',1997,2,16,2,0,' hanyer9702@gmail.com',1,0,NULL,0,'안녕하세요 친구추가 환영합니다^^',0,NULL,NULL,NULL,'2022-06-19 20:29:24',NULL,NULL,NULL,NULL,'2022-06-19 20:29:24',NULL),(143,0,NULL,'iufan1526','qq13227974','김승태',1997,11,19,1,0,' ',0,0,NULL,0,'경기도 사는 26살 남입니다~',0,NULL,NULL,NULL,'2022-06-20 15:30:41',NULL,NULL,NULL,NULL,'2022-06-20 15:30:41',NULL),(144,0,NULL,'testId','asd123','차경석',2000,3,5,1,1,' ',0,0,NULL,0,'채팅 언제든 환영입니다~',0,NULL,NULL,NULL,'2022-06-21 09:11:46',NULL,NULL,NULL,NULL,'2022-06-21 09:11:46',NULL),(145,0,NULL,'hyunjune','123456789a','강현준',1994,7,28,1,0,'hyunnjune@naver.com',0,1,NULL,0,'안녕하세여~',0,NULL,NULL,NULL,'2022-06-21 09:21:23',NULL,NULL,NULL,NULL,'2022-06-21 09:21:23',NULL),(146,0,NULL,'dongdong','dong12','서동희',1990,9,14,2,0,' ',0,0,NULL,0,'점심 메이트 구해요~',0,NULL,NULL,NULL,'2022-06-21 22:20:54',NULL,NULL,NULL,NULL,'2022-06-21 22:20:54',NULL),(147,0,NULL,'dkstpwls12','12345','안세진',1997,4,30,1,NULL,' ',NULL,NULL,NULL,0,NULL,0,NULL,NULL,NULL,'2022-06-22 09:53:54',NULL,NULL,NULL,NULL,'2022-06-22 09:53:54',NULL),(148,0,NULL,'han1234','12345','한승준',1997,10,11,1,NULL,' ',NULL,NULL,NULL,0,NULL,0,NULL,NULL,NULL,'2022-06-22 09:54:55',NULL,NULL,NULL,NULL,'2022-06-22 09:54:55',NULL),(149,0,NULL,'kowawb102','12345','정용성',1997,4,10,1,NULL,' ',NULL,NULL,NULL,0,NULL,0,NULL,NULL,NULL,'2022-06-22 09:56:07',NULL,NULL,NULL,NULL,'2022-06-22 09:56:07',NULL),(150,0,NULL,'honghong','123123','홍길동',2002,1,5,1,0,' honggildong11@naver.com',0,0,NULL,0,'',0,NULL,NULL,NULL,'2022-06-22 10:43:12',NULL,NULL,NULL,NULL,'2022-06-22 10:43:12',NULL),(151,0,NULL,'looselife','tae1234','김태평',1988,6,14,1,0,' ',0,0,NULL,0,'밥 먹고 싶습니다..',0,NULL,NULL,NULL,'2022-06-22 11:06:33',NULL,NULL,NULL,NULL,'2022-06-22 11:06:33',NULL),(152,0,NULL,'1234','12345','으하하하',2000,2,2,3,NULL,' ',NULL,NULL,NULL,0,NULL,0,NULL,NULL,NULL,'2022-07-07 14:32:24',NULL,NULL,NULL,NULL,'2022-07-07 14:32:24',NULL),(153,0,NULL,'test','12345','홍길동',1991,1,2,2,NULL,' ',NULL,NULL,NULL,0,NULL,0,NULL,NULL,NULL,'2022-08-03 17:59:44',NULL,NULL,NULL,NULL,'2022-08-03 17:59:44',NULL);
/*!40000 ALTER TABLE `matnamMember` ENABLE KEYS */;
UNLOCK TABLES;

--
-- Table structure for table `matnamMemberAddress`
--

DROP TABLE IF EXISTS `matnamMemberAddress`;
/*!40101 SET @saved_cs_client     = @@character_set_client */;
/*!50503 SET character_set_client = utf8mb4 */;
CREATE TABLE `matnamMemberAddress` (
  `mnmaSeq` bigint unsigned NOT NULL AUTO_INCREMENT,
  `mnmaDefaultNy` tinyint DEFAULT NULL,
  `mnmaTitle` varchar(50) COLLATE utf8mb4_unicode_ci DEFAULT NULL,
  `mnmaTypeCd` bigint DEFAULT NULL,
  `mnmaAddress1` varchar(100) COLLATE utf8mb4_unicode_ci DEFAULT NULL,
  `mnmaAddress2` varchar(100) COLLATE utf8mb4_unicode_ci DEFAULT NULL,
  `mnmaZipcode` varchar(50) COLLATE utf8mb4_unicode_ci DEFAULT NULL,
  `mnmaAddressCd` bigint DEFAULT NULL,
  `mnmaDelNy` tinyint NOT NULL,
  `regIp` varchar(100) COLLATE utf8mb4_unicode_ci DEFAULT NULL,
  `regSeq` bigint DEFAULT NULL,
  `regDevise` tinyint DEFAULT NULL,
  `regDateTime` datetime DEFAULT NULL,
  `regDateTimeSvr` datetime DEFAULT NULL,
  `modIp` varchar(100) COLLATE utf8mb4_unicode_ci DEFAULT NULL,
  `modSeq` bigint DEFAULT NULL,
  `modDevise` tinyint DEFAULT NULL,
  `modDateTime` datetime DEFAULT NULL,
  `modDateTimeSvr` datetime DEFAULT NULL,
  `mnMmSeq` bigint unsigned NOT NULL,
  PRIMARY KEY (`mnmaSeq`),
  KEY `fk_matnamMemberAddress_matnamMember1_idx` (`mnMmSeq`),
  CONSTRAINT `fk_matnamMemberAddress_matnamMember1` FOREIGN KEY (`mnMmSeq`) REFERENCES `matnamMember` (`mnMmSeq`)
) ENGINE=InnoDB AUTO_INCREMENT=108 DEFAULT CHARSET=utf8mb4 COLLATE=utf8mb4_unicode_ci;
/*!40101 SET character_set_client = @saved_cs_client */;

--
-- Dumping data for table `matnamMemberAddress`
--

LOCK TABLES `matnamMemberAddress` WRITE;
/*!40000 ALTER TABLE `matnamMemberAddress` DISABLE KEYS */;
INSERT INTO `matnamMemberAddress` VALUES (80,1,NULL,12,'서울 마포구 굴레방로 1','101호','04117',NULL,0,NULL,NULL,NULL,'2022-06-19 20:26:01',NULL,NULL,NULL,NULL,'2022-06-19 20:26:01',NULL,140),(81,1,NULL,13,'서울 마포구 굴레방로 1',NULL,NULL,NULL,0,NULL,NULL,NULL,'2022-06-19 20:26:01',NULL,NULL,NULL,NULL,'2022-06-19 20:26:01',NULL,140),(82,1,NULL,12,'서울 광진구 아차산로 186-2','102호','05071',NULL,0,NULL,NULL,NULL,'2022-06-19 20:27:35',NULL,NULL,NULL,NULL,'2022-06-19 20:27:35',NULL,141),(83,1,NULL,13,'서울 광진구 아차산로 186-2',NULL,NULL,NULL,0,NULL,NULL,NULL,'2022-06-19 20:27:35',NULL,NULL,NULL,NULL,'2022-06-19 20:27:35',NULL,141),(84,1,NULL,12,'서울 관악구 신림동 1484-9','','08771',NULL,0,NULL,NULL,NULL,'2022-06-19 20:29:24',NULL,NULL,NULL,NULL,'2022-06-19 20:29:24',NULL,142),(85,1,NULL,13,'서울 관악구 신림동 1484-9',NULL,NULL,NULL,0,NULL,NULL,NULL,'2022-06-19 20:29:24',NULL,NULL,NULL,NULL,'2022-06-19 20:29:24',NULL,142),(86,1,NULL,12,'경기 화성시 향남읍 한절이1길 6-11','202호','18606',NULL,0,NULL,NULL,NULL,'2022-06-20 15:30:41',NULL,NULL,NULL,NULL,'2022-06-20 15:30:41',NULL,143),(87,1,NULL,13,'경기 화성시 향남읍 한절이1길 6-11',NULL,NULL,NULL,0,NULL,NULL,NULL,'2022-06-20 15:30:41',NULL,NULL,NULL,NULL,'2022-06-20 15:30:41',NULL,143),(88,1,NULL,12,'서울 송파구 백제고분로 2','여기','05500',NULL,0,NULL,NULL,NULL,'2022-06-21 09:11:46',NULL,NULL,NULL,NULL,'2022-06-21 09:11:46',NULL,144),(89,1,NULL,13,'서울 송파구 백제고분로 2',NULL,NULL,NULL,0,NULL,NULL,NULL,'2022-06-21 09:11:46',NULL,NULL,NULL,NULL,'2022-06-21 09:11:46',NULL,144),(90,1,NULL,12,'경기 고양시 일산서구 대산로 162','202','10371',NULL,0,NULL,NULL,NULL,'2022-06-21 09:21:23',NULL,NULL,NULL,NULL,'2022-06-21 09:21:23',NULL,145),(91,1,NULL,13,'경기 고양시 일산서구 대산로 162',NULL,NULL,NULL,0,NULL,NULL,NULL,'2022-06-21 09:21:23',NULL,NULL,NULL,NULL,'2022-06-21 09:21:23',NULL,145),(92,1,NULL,12,'서울 동작구 관악로30길 27','101호','07031',NULL,0,NULL,NULL,NULL,'2022-06-21 22:20:54',NULL,NULL,NULL,NULL,'2022-06-21 22:20:54',NULL,146),(93,1,NULL,13,'서울 동작구 관악로30길 27',NULL,NULL,NULL,0,NULL,NULL,NULL,'2022-06-21 22:20:54',NULL,NULL,NULL,NULL,'2022-06-21 22:20:54',NULL,146),(94,1,NULL,12,'서울 마포구 가양대로 3','옥탑방','03900',NULL,0,NULL,NULL,NULL,'2022-06-22 09:53:54',NULL,NULL,NULL,NULL,'2022-06-22 09:53:54',NULL,147),(95,1,NULL,13,'서울 마포구 가양대로 3',NULL,NULL,NULL,0,NULL,NULL,NULL,'2022-06-22 09:53:54',NULL,NULL,NULL,NULL,'2022-06-22 09:53:54',NULL,147),(96,1,NULL,12,'경기 화성시 팔탄면 기천리 889-4','','18526',NULL,0,NULL,NULL,NULL,'2022-06-22 09:54:55',NULL,NULL,NULL,NULL,'2022-06-22 09:54:55',NULL,148),(97,1,NULL,13,'경기 화성시 팔탄면 기천리 889-4',NULL,NULL,NULL,0,NULL,NULL,NULL,'2022-06-22 09:54:55',NULL,NULL,NULL,NULL,'2022-06-22 09:54:55',NULL,148),(98,1,NULL,12,'경기 화성시 팔탄면 매산리길 7','','18534',NULL,0,NULL,NULL,NULL,'2022-06-22 09:56:07',NULL,NULL,NULL,NULL,'2022-06-22 09:56:07',NULL,149),(99,1,NULL,13,'경기 화성시 팔탄면 매산리길 7',NULL,NULL,NULL,0,NULL,NULL,NULL,'2022-06-22 09:56:07',NULL,NULL,NULL,NULL,'2022-06-22 09:56:07',NULL,149),(100,1,NULL,12,'서울 강남구 가로수길 5','123-456','06035',NULL,0,NULL,NULL,NULL,'2022-06-22 10:43:12',NULL,NULL,NULL,NULL,'2022-06-22 10:43:12',NULL,150),(101,1,NULL,13,'서울 강남구 가로수길 5',NULL,NULL,NULL,0,NULL,NULL,NULL,'2022-06-22 10:43:12',NULL,NULL,NULL,NULL,'2022-06-22 10:43:12',NULL,150),(102,1,NULL,12,'서울 마포구 큰우물로 3','1','04150',NULL,0,NULL,NULL,NULL,'2022-06-22 11:06:33',NULL,NULL,NULL,NULL,'2022-06-22 11:06:33',NULL,151),(103,1,NULL,13,'서울 마포구 큰우물로 3',NULL,NULL,NULL,0,NULL,NULL,NULL,'2022-06-22 11:06:33',NULL,NULL,NULL,NULL,'2022-06-22 11:06:33',NULL,151),(104,1,NULL,12,'','','',NULL,0,NULL,NULL,NULL,'2022-07-07 14:32:24',NULL,NULL,NULL,NULL,'2022-07-07 14:32:24',NULL,152),(105,1,NULL,13,'',NULL,NULL,NULL,0,NULL,NULL,NULL,'2022-07-07 14:32:24',NULL,NULL,NULL,NULL,'2022-07-07 14:32:24',NULL,152),(106,1,NULL,12,'서울 동대문구 경희대로4길 73','','02452',NULL,0,NULL,NULL,NULL,'2022-08-03 17:59:44',NULL,NULL,NULL,NULL,'2022-08-03 17:59:44',NULL,153),(107,1,NULL,13,'서울 동대문구 경희대로4길 73',NULL,NULL,NULL,0,NULL,NULL,NULL,'2022-08-03 17:59:44',NULL,NULL,NULL,NULL,'2022-08-03 17:59:44',NULL,153);
/*!40000 ALTER TABLE `matnamMemberAddress` ENABLE KEYS */;
UNLOCK TABLES;

--
-- Table structure for table `matnamMemberPhone`
--

DROP TABLE IF EXISTS `matnamMemberPhone`;
/*!40101 SET @saved_cs_client     = @@character_set_client */;
/*!50503 SET character_set_client = utf8mb4 */;
CREATE TABLE `matnamMemberPhone` (
  `mnmpSeq` bigint unsigned NOT NULL AUTO_INCREMENT,
  `mnmpDefaultNy` tinyint DEFAULT NULL,
  `mnmpTypeCd` bigint DEFAULT NULL,
  `mnmpNumber` varchar(50) COLLATE utf8mb4_unicode_ci DEFAULT NULL,
  `mnmpDelNy` tinyint NOT NULL,
  `regIp` varchar(100) COLLATE utf8mb4_unicode_ci DEFAULT NULL,
  `regSeq` bigint DEFAULT NULL,
  `regDevise` tinyint DEFAULT NULL,
  `regDateTime` datetime DEFAULT NULL,
  `regDateTimeSvr` datetime DEFAULT NULL,
  `modIp` varchar(100) COLLATE utf8mb4_unicode_ci DEFAULT NULL,
  `modSeq` bigint DEFAULT NULL,
  `modDevise` tinyint DEFAULT NULL,
  `modDateTime` datetime DEFAULT NULL,
  `modDateTimeSvr` datetime DEFAULT NULL,
  `mnMmSeq` bigint unsigned NOT NULL,
  PRIMARY KEY (`mnmpSeq`),
  KEY `fk_matnamMemberPhone_matnamMember1_idx` (`mnMmSeq`),
  CONSTRAINT `fk_matnamMemberPhone_matnamMember1` FOREIGN KEY (`mnMmSeq`) REFERENCES `matnamMember` (`mnMmSeq`)
) ENGINE=InnoDB AUTO_INCREMENT=108 DEFAULT CHARSET=utf8mb4 COLLATE=utf8mb4_unicode_ci;
/*!40101 SET character_set_client = @saved_cs_client */;

--
-- Dumping data for table `matnamMemberPhone`
--

LOCK TABLES `matnamMemberPhone` WRITE;
/*!40000 ALTER TABLE `matnamMemberPhone` DISABLE KEYS */;
INSERT INTO `matnamMemberPhone` VALUES (94,1,NULL,'01012341234',0,NULL,NULL,NULL,'2022-06-19 20:26:01',NULL,NULL,NULL,NULL,'2022-06-19 20:26:01',NULL,140),(95,1,NULL,'01012345678',0,NULL,NULL,NULL,'2022-06-19 20:27:35',NULL,NULL,NULL,NULL,'2022-06-19 20:27:35',NULL,141),(96,1,NULL,'01035645863',0,NULL,NULL,NULL,'2022-06-19 20:29:24',NULL,NULL,NULL,NULL,'2022-06-19 20:29:24',NULL,142),(97,1,NULL,'01080071526',0,NULL,NULL,NULL,'2022-06-20 15:30:41',NULL,NULL,NULL,NULL,'2022-06-20 15:30:41',NULL,143),(98,1,NULL,'01022225555',0,NULL,NULL,NULL,'2022-06-21 09:11:46',NULL,NULL,NULL,NULL,'2022-06-21 09:11:46',NULL,144),(99,1,NULL,'01073352901',0,NULL,NULL,NULL,'2022-06-21 09:21:23',NULL,NULL,NULL,NULL,'2022-06-21 09:21:23',NULL,145),(100,1,NULL,'01036274873',0,NULL,NULL,NULL,'2022-06-21 22:20:54',NULL,NULL,NULL,NULL,'2022-06-21 22:20:54',NULL,146),(101,1,NULL,'01041461142',0,NULL,NULL,NULL,'2022-06-22 09:53:54',NULL,NULL,NULL,NULL,'2022-06-22 09:53:54',NULL,147),(102,1,NULL,'01027313312',0,NULL,NULL,NULL,'2022-06-22 09:54:55',NULL,NULL,NULL,NULL,'2022-06-22 09:54:55',NULL,148),(103,1,NULL,'01077415521',0,NULL,NULL,NULL,'2022-06-22 09:56:07',NULL,NULL,NULL,NULL,'2022-06-22 09:56:07',NULL,149),(104,1,NULL,'01012345678',0,NULL,NULL,NULL,'2022-06-22 10:43:12',NULL,NULL,NULL,NULL,'2022-06-22 10:43:12',NULL,150),(105,1,NULL,'01036237463',0,NULL,NULL,NULL,'2022-06-22 11:06:33',NULL,NULL,NULL,NULL,'2022-06-22 11:06:33',NULL,151),(106,1,NULL,'01012345678',0,NULL,NULL,NULL,'2022-07-07 14:32:24',NULL,NULL,NULL,NULL,'2022-07-07 14:32:24',NULL,152),(107,1,NULL,'01011111111',0,NULL,NULL,NULL,'2022-08-03 17:59:44',NULL,NULL,NULL,NULL,'2022-08-03 17:59:44',NULL,153);
/*!40000 ALTER TABLE `matnamMemberPhone` ENABLE KEYS */;
UNLOCK TABLES;

--
-- Table structure for table `matnamMemberRegion`
--

DROP TABLE IF EXISTS `matnamMemberRegion`;
/*!40101 SET @saved_cs_client     = @@character_set_client */;
/*!50503 SET character_set_client = utf8mb4 */;
CREATE TABLE `matnamMemberRegion` (
  `mnmlSeq` bigint unsigned NOT NULL AUTO_INCREMENT,
  `mnmlLocationCd` bigint DEFAULT NULL,
  `mnmlDelNy` tinyint NOT NULL,
  `regIp` varchar(100) COLLATE utf8mb4_unicode_ci DEFAULT NULL,
  `regSeq` bigint DEFAULT NULL,
  `regDevise` tinyint DEFAULT NULL,
  `regDateTime` datetime DEFAULT NULL,
  `regDateTimeSvr` datetime DEFAULT NULL,
  `modIp` varchar(100) COLLATE utf8mb4_unicode_ci DEFAULT NULL,
  `modSeq` bigint DEFAULT NULL,
  `modDevise` tinyint DEFAULT NULL,
  `modDateTime` datetime DEFAULT NULL,
  `modDateTimeSvr` datetime DEFAULT NULL,
  `mnMmSeq` bigint unsigned NOT NULL,
  PRIMARY KEY (`mnmlSeq`),
  KEY `fk_matnamMemberLegion_matnamMember1_idx` (`mnMmSeq`),
  CONSTRAINT `fk_matnamMemberLegion_matnamMember1` FOREIGN KEY (`mnMmSeq`) REFERENCES `matnamMember` (`mnMmSeq`)
) ENGINE=InnoDB AUTO_INCREMENT=191 DEFAULT CHARSET=utf8mb4 COLLATE=utf8mb4_unicode_ci;
/*!40101 SET character_set_client = @saved_cs_client */;

--
-- Dumping data for table `matnamMemberRegion`
--

LOCK TABLES `matnamMemberRegion` WRITE;
/*!40000 ALTER TABLE `matnamMemberRegion` DISABLE KEYS */;
INSERT INTO `matnamMemberRegion` VALUES (165,97,0,NULL,NULL,NULL,NULL,NULL,NULL,NULL,NULL,NULL,NULL,142),(171,110,0,NULL,NULL,NULL,NULL,NULL,NULL,NULL,NULL,NULL,NULL,143),(174,97,0,NULL,NULL,NULL,NULL,NULL,NULL,NULL,NULL,NULL,NULL,144),(180,120,0,NULL,NULL,NULL,NULL,NULL,NULL,NULL,NULL,NULL,NULL,146),(181,122,0,NULL,NULL,NULL,NULL,NULL,NULL,NULL,NULL,NULL,NULL,146),(183,99,0,NULL,NULL,NULL,NULL,NULL,NULL,NULL,NULL,NULL,NULL,150),(184,101,0,NULL,NULL,NULL,NULL,NULL,NULL,NULL,NULL,NULL,NULL,150),(185,97,0,NULL,NULL,NULL,NULL,NULL,NULL,NULL,NULL,NULL,NULL,145),(186,102,0,NULL,NULL,NULL,NULL,NULL,NULL,NULL,NULL,NULL,NULL,151),(187,104,0,NULL,NULL,NULL,NULL,NULL,NULL,NULL,NULL,NULL,NULL,151),(188,105,0,NULL,NULL,NULL,NULL,NULL,NULL,NULL,NULL,NULL,NULL,151),(190,122,0,NULL,NULL,NULL,NULL,NULL,NULL,NULL,NULL,NULL,NULL,140);
/*!40000 ALTER TABLE `matnamMemberRegion` ENABLE KEYS */;
UNLOCK TABLES;

--
-- Table structure for table `matnamMemberTaste`
--

DROP TABLE IF EXISTS `matnamMemberTaste`;
/*!40101 SET @saved_cs_client     = @@character_set_client */;
/*!50503 SET character_set_client = utf8mb4 */;
CREATE TABLE `matnamMemberTaste` (
  `mnmtSeq` bigint unsigned NOT NULL AUTO_INCREMENT,
  `mnmtTasteCd` bigint DEFAULT NULL,
  `mnmtDelNy` tinyint NOT NULL,
  `regIp` varchar(100) COLLATE utf8mb4_unicode_ci DEFAULT NULL,
  `regSeq` bigint DEFAULT NULL,
  `regDevise` tinyint DEFAULT NULL,
  `regDateTime` datetime DEFAULT NULL,
  `regDateTimeSvr` datetime DEFAULT NULL,
  `modIp` varchar(100) COLLATE utf8mb4_unicode_ci DEFAULT NULL,
  `modSeq` bigint DEFAULT NULL,
  `modDevise` tinyint DEFAULT NULL,
  `modDateTime` datetime DEFAULT NULL,
  `modDateTimeSvr` datetime DEFAULT NULL,
  `mnMmSeq` bigint unsigned NOT NULL,
  PRIMARY KEY (`mnmtSeq`),
  KEY `fk_matnamMemberTaste_matnamMember1_idx` (`mnMmSeq`),
  CONSTRAINT `fk_matnamMemberTaste_matnamMember1` FOREIGN KEY (`mnMmSeq`) REFERENCES `matnamMember` (`mnMmSeq`)
) ENGINE=InnoDB AUTO_INCREMENT=59 DEFAULT CHARSET=utf8mb4 COLLATE=utf8mb4_unicode_ci;
/*!40101 SET character_set_client = @saved_cs_client */;

--
-- Dumping data for table `matnamMemberTaste`
--

LOCK TABLES `matnamMemberTaste` WRITE;
/*!40000 ALTER TABLE `matnamMemberTaste` DISABLE KEYS */;
INSERT INTO `matnamMemberTaste` VALUES (34,11,0,NULL,NULL,NULL,'2022-06-19 20:26:01',NULL,NULL,NULL,NULL,'2022-06-19 20:26:01',NULL,140),(35,8,0,NULL,NULL,NULL,'2022-06-19 20:27:35',NULL,NULL,NULL,NULL,'2022-06-19 20:27:35',NULL,141),(36,9,0,NULL,NULL,NULL,'2022-06-19 20:27:35',NULL,NULL,NULL,NULL,'2022-06-19 20:27:35',NULL,141),(37,10,0,NULL,NULL,NULL,'2022-06-19 20:27:35',NULL,NULL,NULL,NULL,'2022-06-19 20:27:35',NULL,141),(38,8,0,NULL,NULL,NULL,'2022-06-19 20:29:24',NULL,NULL,NULL,NULL,'2022-06-19 20:29:24',NULL,142),(39,9,0,NULL,NULL,NULL,'2022-06-19 20:29:24',NULL,NULL,NULL,NULL,'2022-06-19 20:29:24',NULL,142),(40,10,0,NULL,NULL,NULL,'2022-06-19 20:29:24',NULL,NULL,NULL,NULL,'2022-06-19 20:29:24',NULL,142),(41,11,0,NULL,NULL,NULL,'2022-06-19 20:29:24',NULL,NULL,NULL,NULL,'2022-06-19 20:29:24',NULL,142),(42,11,0,NULL,NULL,NULL,'2022-06-20 15:30:41',NULL,NULL,NULL,NULL,'2022-06-20 15:30:41',NULL,143),(43,8,0,NULL,NULL,NULL,'2022-06-21 09:11:46',NULL,NULL,NULL,NULL,'2022-06-21 09:11:46',NULL,144),(44,8,0,NULL,NULL,NULL,'2022-06-21 09:21:23',NULL,NULL,NULL,NULL,'2022-06-21 09:21:23',NULL,145),(45,9,0,NULL,NULL,NULL,'2022-06-21 09:21:23',NULL,NULL,NULL,NULL,'2022-06-21 09:21:23',NULL,145),(46,11,0,NULL,NULL,NULL,'2022-06-21 09:21:23',NULL,NULL,NULL,NULL,'2022-06-21 09:21:23',NULL,145),(47,8,0,NULL,NULL,NULL,'2022-06-21 22:20:54',NULL,NULL,NULL,NULL,'2022-06-21 22:20:54',NULL,146),(48,10,0,NULL,NULL,NULL,'2022-06-22 09:53:54',NULL,NULL,NULL,NULL,'2022-06-22 09:53:54',NULL,147),(49,8,0,NULL,NULL,NULL,'2022-06-22 09:54:55',NULL,NULL,NULL,NULL,'2022-06-22 09:54:55',NULL,148),(50,8,0,NULL,NULL,NULL,'2022-06-22 09:56:07',NULL,NULL,NULL,NULL,'2022-06-22 09:56:07',NULL,149),(51,8,0,NULL,NULL,NULL,'2022-06-22 10:43:12',NULL,NULL,NULL,NULL,'2022-06-22 10:43:12',NULL,150),(52,10,0,NULL,NULL,NULL,'2022-06-22 11:06:33',NULL,NULL,NULL,NULL,'2022-06-22 11:06:33',NULL,151),(53,11,0,NULL,NULL,NULL,'2022-06-22 11:06:33',NULL,NULL,NULL,NULL,'2022-06-22 11:06:33',NULL,151),(54,8,0,NULL,NULL,NULL,'2022-07-07 14:32:24',NULL,NULL,NULL,NULL,'2022-07-07 14:32:24',NULL,152),(55,9,0,NULL,NULL,NULL,'2022-07-07 14:32:24',NULL,NULL,NULL,NULL,'2022-07-07 14:32:24',NULL,152),(56,10,0,NULL,NULL,NULL,'2022-07-07 14:32:24',NULL,NULL,NULL,NULL,'2022-07-07 14:32:24',NULL,152),(57,11,0,NULL,NULL,NULL,'2022-07-07 14:32:24',NULL,NULL,NULL,NULL,'2022-07-07 14:32:24',NULL,152),(58,8,0,NULL,NULL,NULL,'2022-08-03 17:59:44',NULL,NULL,NULL,NULL,'2022-08-03 17:59:44',NULL,153);
/*!40000 ALTER TABLE `matnamMemberTaste` ENABLE KEYS */;
UNLOCK TABLES;

--
-- Table structure for table `matnamRestaurant`
--

DROP TABLE IF EXISTS `matnamRestaurant`;
/*!40101 SET @saved_cs_client     = @@character_set_client */;
/*!50503 SET character_set_client = utf8mb4 */;
CREATE TABLE `matnamRestaurant` (
  `mnrtSeq` bigint unsigned NOT NULL AUTO_INCREMENT,
  `mnrtDelNy` tinyint NOT NULL,
  `mnrtName` varchar(100) COLLATE utf8mb4_unicode_ci DEFAULT NULL,
  `mnrtAddressFull` varchar(100) COLLATE utf8mb4_unicode_ci DEFAULT NULL,
  `mnrtX` double DEFAULT NULL,
  `mnrtY` double DEFAULT NULL,
  `mnrtNumber` varchar(100) COLLATE utf8mb4_unicode_ci DEFAULT NULL,
  `mnrtFoodCateCd` bigint DEFAULT NULL,
  `mnrtTimeStart` time DEFAULT NULL,
  `mnrtTimeEnd` time DEFAULT NULL,
  `mnrtBreakTimeStart` time DEFAULT NULL,
  `mnrtBreakTimeEnd` time DEFAULT NULL,
  `mnrtHolidayCd` bigint DEFAULT NULL,
  `mnrtText` varchar(100) COLLATE utf8mb4_unicode_ci DEFAULT NULL,
  `regIp` varchar(100) COLLATE utf8mb4_unicode_ci DEFAULT NULL,
  `regSeq` bigint DEFAULT NULL,
  `regDevise` tinyint DEFAULT NULL,
  `regDateTime` datetime DEFAULT NULL,
  `regDateTimeSvr` datetime DEFAULT NULL,
  `modIp` varchar(100) COLLATE utf8mb4_unicode_ci DEFAULT NULL,
  `modSeq` bigint DEFAULT NULL,
  `modDevise` tinyint DEFAULT NULL,
  `modDateTime` datetime DEFAULT NULL,
  `modDateTimeSvr` datetime DEFAULT NULL,
  PRIMARY KEY (`mnrtSeq`)
) ENGINE=InnoDB AUTO_INCREMENT=68 DEFAULT CHARSET=utf8mb4 COLLATE=utf8mb4_unicode_ci;
/*!40101 SET character_set_client = @saved_cs_client */;

--
-- Dumping data for table `matnamRestaurant`
--

LOCK TABLES `matnamRestaurant` WRITE;
/*!40000 ALTER TABLE `matnamRestaurant` DISABLE KEYS */;
INSERT INTO `matnamRestaurant` VALUES (17,0,'홍콩반점0410 서초교보점','서울 서초구 사평대로52길 1',37.5034951328617,127.022220997528,'025929540',130,'11:30:00','20:30:00','14:20:00','17:00:00',142,'홍콩반점 입니다.',NULL,NULL,NULL,NULL,NULL,NULL,NULL,NULL,NULL,NULL),(18,0,'버거킹 신논현역점','서울 강남구 봉은사로 105',37.5049715004391,127.025024207865,'07074386564',135,'00:00:00','00:00:00','00:00:00','00:00:00',142,'버거킹',NULL,NULL,NULL,NULL,NULL,NULL,NULL,NULL,NULL,NULL),(19,0,'홍콩반점','서울 강동구 아리수로 46',37.5565060349238,127.134788855277,'1',125,'00:15:00','13:10:00','16:10:00','17:10:00',142,'ddd',NULL,NULL,NULL,NULL,NULL,NULL,NULL,NULL,NULL,NULL),(20,0,'맥도날드 강남 2호점','서울 강남구 테헤란로 107',37.4986813605293,127.028754000454,'07070176865',135,'08:00:00','00:00:00','00:00:00','00:00:00',143,'상하이 버거 드시러 오세요~',NULL,NULL,NULL,NULL,NULL,NULL,NULL,NULL,NULL,NULL),(21,0,'쉐이크쉑 강남점','서울 강남구 강남대로 452',37.5028510205382,127.025693355412,'025535576',135,'10:30:00','22:30:00','00:00:00','00:00:00',143,'미국 본토 버거의 맛! 쉐이크쉑 강남점',NULL,NULL,NULL,NULL,NULL,NULL,NULL,NULL,NULL,NULL),(22,0,'롯데리아 역삼점','서울 강남구 테헤란로 116',37.4984820624077,127.030531543748,'0234534054',135,'00:00:00','00:00:00','00:00:00','00:00:00',143,'롯데리아 입니다.',NULL,NULL,NULL,NULL,NULL,NULL,NULL,NULL,NULL,NULL),(23,0,'아소산 겐안','서울 서초구 사평대로56길 7',37.5032072803982,127.023519915144,'050713306659',126,'11:00:00','21:00:00','00:00:00','00:00:00',142,'아소산 겐안 입니다.',NULL,NULL,NULL,NULL,NULL,NULL,NULL,NULL,NULL,NULL),(24,0,'미림분식','서울 관악구 호암로 553',37.4670743790165,126.931346513518,'02-888-8567',124,'11:30:00','20:00:00','00:00:00','00:00:00',143,'미림여고 옆 미림분식입니다',NULL,NULL,NULL,NULL,NULL,NULL,NULL,NULL,NULL,NULL),(25,0,'버거킹 신림역점','서울 관악구 신림로 318',37.4825754320038,126.930252917369,'070-7462-8763',135,'00:00:00','00:00:00','00:00:00','00:00:00',143,'신림역 버거킹',NULL,NULL,NULL,NULL,NULL,NULL,NULL,NULL,NULL,NULL),(26,0,'버거킹 가산이앤씨7점','서울 금천구 디지털로9길 46',37.4800588086696,126.887100662443,'070-7438-8601',135,'09:00:00','22:00:00','00:00:00','00:00:00',143,'마리오 아울렛 맥도날드를 이기겠습니다',NULL,NULL,NULL,NULL,NULL,NULL,NULL,NULL,NULL,NULL),(27,0,'버거킹 영등포KT점','서울 영등포구 영중로 119',37.526848314445,126.905176591009,'02-2675-0332',135,'00:00:00','00:00:00','00:00:00','00:00:00',143,'영등포kt점 입니다',NULL,NULL,NULL,NULL,NULL,NULL,NULL,NULL,NULL,NULL),(28,0,'버거킹 구로디지털점','서울 구로구 디지털로 288',37.4835695693308,126.895502765348,'02-857-0332',135,'10:00:00','22:00:00','00:00:00','00:00:00',143,'구로점 아니고 구로디지털점입니다 이마트 앞에 있어요',NULL,NULL,NULL,NULL,NULL,NULL,NULL,NULL,NULL,NULL),(29,0,'버거킹 서여의도점','서울 영등포구 국회대로70길 23',37.5288760479466,126.921011762639,'02-780-0993',135,'09:00:00','22:00:00','00:00:00','00:00:00',143,'동여의도를 대신하여 저희가 더 열심히 달리겠습니다!',NULL,NULL,NULL,NULL,NULL,NULL,NULL,NULL,NULL,NULL),(30,0,'버거킹 구로점','서울 구로구 시흥대로 551',37.4825399425928,126.900246298277,'070-7462-8527',135,'10:00:00','00:00:00','00:00:00','00:00:00',143,'구로디지털역 앞 삼거리에 있는 구로점 입니다',NULL,NULL,NULL,NULL,NULL,NULL,NULL,NULL,NULL,NULL),(31,0,'버거킹 구로구청점','서울 구로구 가마산로 250',37.4948140331034,126.888676526029,'02-856-0332',135,'09:00:00','23:00:00','00:00:00','00:00:00',143,'구로구청점입니다',NULL,NULL,NULL,NULL,NULL,NULL,NULL,NULL,NULL,NULL),(32,0,'버거킹 신림미림여고입구점','서울 관악구 신림로 141',37.4715917133189,126.933441547933,'070-7462-8503',135,'09:00:00','00:00:00','00:00:00','00:00:00',143,'서울대벤처타운역 역세권에 위치하게 되어버린 미림여고점 입니다^^',NULL,NULL,NULL,NULL,NULL,NULL,NULL,NULL,NULL,NULL),(33,0,'토토김밥 신림점','서울 관악구 남부순환로161길 7',37.4835804931796,126.921336367914,'02-857-9940',124,'06:00:00','21:30:00','00:00:00','00:00:00',143,'남부초등학교 앞 토토김밥',NULL,NULL,NULL,NULL,NULL,NULL,NULL,NULL,NULL,NULL),(42,0,'깡통닭갈비','서울 관악구 남부순환로 1597-14',37.4847688927791,126.927779693923,'02-873-7770',123,'13:00:00','01:00:00','00:00:00','00:00:00',143,'춘천 닭갈비 아닙니다. 숯불에 굽는 닭갈비 입니다~',NULL,NULL,NULL,NULL,NULL,NULL,NULL,NULL,NULL,NULL),(43,0,'심가면옥','서울 관악구 신림로 121',37.4707059893543,126.935829175014,'02-887-2777',123,'10:00:00','21:30:00','00:00:00','00:00:00',143,'냉면 전문/ 샤브샤브 맛있어요',NULL,NULL,NULL,NULL,NULL,NULL,NULL,NULL,NULL,NULL),(44,0,'스시노칸도 타임스트림점','서울 관악구 신림로 330',37.4838513393186,126.930234545397,'0507-1445-1496',126,'11:30:00','21:30:00','15:00:00','16:00:00',143,'회전초밥 모든 접시 1990원',NULL,NULL,NULL,NULL,NULL,NULL,NULL,NULL,NULL,NULL),(45,0,'소바식당','서울 성동구 연무장7가길 6',37.543016625796,127.054993682566,'02-6339-1552',126,'11:00:00','21:00:00','15:00:00','17:00:00',143,'.',NULL,NULL,NULL,NULL,NULL,NULL,NULL,NULL,NULL,NULL),(46,0,'카린지_린가네 스낵바','서울 성동구 왕십리로4길 10-3',37.5457593392903,127.045974346278,'02-462-8486',126,'11:30:00','23:00:00','15:00:00','18:00:00',136,'생방송투데이 방영 / 방송 출연한 맛집!',NULL,NULL,NULL,NULL,NULL,NULL,NULL,NULL,NULL,NULL),(47,0,'낙원테산도 용산아이파크몰점','서울 용산구 한강대로23길 55',37.5297718014452,126.964741503485,'02-2012-0615',126,'10:30:00','21:30:00','00:00:00','00:00:00',143,'카츠산도와 일본식 오므라이스를 만날 수 있는 곳',NULL,NULL,NULL,NULL,NULL,NULL,NULL,NULL,NULL,NULL),(48,0,'쮸즈','서울 강남구 도산대로17길 13',37.5195019034754,127.024605428725,'02-6081-9888',130,'11:30:00','21:00:00','15:00:00','17:00:00',136,'완탕면과 딤섬이 맛있는 신사동 가로수길 맛집',NULL,NULL,NULL,NULL,NULL,NULL,NULL,NULL,NULL,NULL),(49,0,'송화산시도삭면','서울 광진구 뚝섬로27길 48',37.5379044607344,127.066517439566,'02-6052-7826',130,'11:00:00','22:30:00','00:00:00','00:00:00',137,'줄서는 식당 방영',NULL,NULL,NULL,NULL,NULL,NULL,NULL,NULL,NULL,NULL),(50,0,'무탄','서울 강남구 논현로176길 22',37.5272989341349,127.030310574565,'02-549-9339',130,'11:20:00','22:00:00','00:00:00','00:00:00',143,'스테이크 트러플 짜장면이 맛있는 압구정중국집',NULL,NULL,NULL,NULL,NULL,NULL,NULL,NULL,NULL,NULL),(51,0,'아리수만찬','서울 영등포구 노들로 111',37.5453406558271,126.893682343228,'0226322100',123,'11:00:00','23:59:00','00:00:00','00:00:00',143,'서울 선유도공원 양화나루(양화선착장)에 위치하여 있습니다.',NULL,NULL,NULL,NULL,NULL,NULL,NULL,NULL,NULL,NULL),(52,0,'고양이똥','서울 강서구 공항대로59가길 13',37.5520413919381,126.864640783284,'050714011281',125,'10:30:00','18:00:00','00:00:00','00:00:00',143,'등촌역 1번출구 또는 2번출구 근처에 있습니다.',NULL,NULL,NULL,NULL,NULL,NULL,NULL,NULL,NULL,NULL),(53,0,'채선당 월남쌈&샤브샤브 등촌점','서울 강서구 양천로 564',37.5570868295233,126.861331339109,'0220638661',123,'11:00:00','22:00:00','00:00:00','00:00:00',143,'증미역 4번출구에서 20미터 이내 위치',NULL,NULL,NULL,NULL,NULL,NULL,NULL,NULL,NULL,NULL),(54,0,'호치킨 가양점','서울 강서구 양천로59길 42',37.5609269516644,126.859793102186,'050714750152',127,'14:00:00','01:00:00','00:00:00','00:00:00',143,'항상 고객에게 맛있는 치킨을 대접한다는 마음 가짐으로 오늘도 닭을 튀깁니다.',NULL,NULL,NULL,NULL,NULL,NULL,NULL,NULL,NULL,NULL),(55,0,'옛날한우곱창전문 본점','서울 강서구 공항대로59길 36',37.5532285525524,126.863784542802,'050713358026',123,'15:00:00','23:00:00','00:00:00','00:00:00',142,'엄선된 최상급 한우곱창만을 사용합니다.',NULL,NULL,NULL,NULL,NULL,NULL,NULL,NULL,NULL,NULL),(56,0,'빅소이','서울 강서구 화곡로68길 82',37.5575393170801,126.858301786025,'050714035280',129,'11:00:00','21:00:00','14:30:00','16:30:00',143,'평일 점심식사 예약은 부득이하게 받지못함을 알려드립니다.',NULL,NULL,NULL,NULL,NULL,NULL,NULL,NULL,NULL,NULL),(57,0,'올라 여의도KBS점','서울 영등포구 의사당대로 38',37.5260304622171,126.918692566602,'050714257220',129,'11:30:00','22:00:00','14:30:00','17:30:00',143,'주차는 건물 지하1층으로 101동 상가로 나오시면 됩니다.',NULL,NULL,NULL,NULL,NULL,NULL,NULL,NULL,NULL,NULL),(58,0,'아시안보울','서울 동작구 상도로 168',37.5040270862582,126.937893954421,'070-7738-2222',129,'11:00:00','21:00:00','00:00:00','00:00:00',142,'아시안보울은 이주 여성들이 직접 레시피를 만들고 운영하는 아시안 퓨전 비스트로 입니다.',NULL,NULL,NULL,NULL,NULL,NULL,NULL,NULL,NULL,NULL),(59,0,'A4아시안키친','서울 마포구 백범로 152',37.5447477438441,126.948258201287,'02-703-5524',129,'11:30:00','22:00:00','15:00:00','17:00:00',136,'예약 불가. 6명 이하의 손님만 받습니다. 한국인의 입맛에 맞춘 태국음식입니다.',NULL,NULL,NULL,NULL,NULL,NULL,NULL,NULL,NULL,NULL),(60,0,'아시안쿠진경복궁점','서울 종로구 자하문로1길 7-1',37.5764614639082,126.971939838509,'0507-1420-9922',129,'11:00:00','21:00:00','00:00:00','00:00:00',143,'항상 최고의 맛과 서비스 친절함으로 보답드리겠습니다.',NULL,NULL,NULL,NULL,NULL,NULL,NULL,NULL,NULL,NULL),(61,0,'세상의 모든아침','서울 영등포구 여의대로 24',37.5221803249649,126.919916550827,'02-2055-4442',129,'10:00:00','22:00:00','16:00:00','17:00:00',143,'창가석 전망 뷰가 멋진 여의도 브런치카페 레스토랑',NULL,NULL,NULL,NULL,NULL,NULL,NULL,NULL,NULL,NULL),(62,0,'울프강 스테이크하우스','서울 강남구 선릉로152길 21',37.5244973932097,127.041463043475,'0507-1486-8700',129,'11:00:00','22:00:00','00:00:00','00:00:00',143,'청담동 스테이크 맛있는 곳',NULL,NULL,NULL,NULL,NULL,NULL,NULL,NULL,NULL,NULL),(63,0,'목란','서울 서대문구 연희로15길 21',37.5683879983016,126.930489467973,'02-732-0054',130,'11:30:00','21:30:00','15:00:00','17:00:00',136,'동파육과 멘보샤가 유명한 이연복쉐프 식당',NULL,NULL,NULL,NULL,NULL,NULL,NULL,NULL,NULL,NULL),(65,0,'수담한정식','서울 강남구 삼성동 113',37.5106044283357,127.045936940858,'02-558-4900',123,'11:30:00','22:00:00','13:00:00','13:30:00',143,'건강한 \'맛의 쉼터\' 강남 NO.1 고급 한정식',NULL,NULL,NULL,NULL,NULL,NULL,NULL,NULL,NULL,NULL),(66,0,'호미호식','서울 강남구 봉은사로4길 36',37.5025182093061,127.026818294672,'0507-1365-0422',126,'11:30:00','22:00:00','12:30:00','13:30:00',143,'맛 좋은 요리들을 즐기며 즐거운 추억을 만들수 있는 공간이 되었으면 한다는 뜻을 가진 일식당 호미호식 입니다.',NULL,NULL,NULL,NULL,NULL,NULL,NULL,NULL,NULL,NULL),(67,0,'훠궈나라 강남역점','서울 강남구 봉은사로2길 35',37.5024335807827,127.026525918251,'02-554-7701',130,'11:30:00','22:00:00','13:30:00','14:00:00',143,'신선한 재료와 친절한 서비스로 최고로 맛있는 훠궈를 무한리필로 마음껏 즐기세요!!',NULL,NULL,NULL,NULL,NULL,NULL,NULL,NULL,NULL,NULL);
/*!40000 ALTER TABLE `matnamRestaurant` ENABLE KEYS */;
UNLOCK TABLES;

--
-- Table structure for table `matnamReview`
--

DROP TABLE IF EXISTS `matnamReview`;
/*!40101 SET @saved_cs_client     = @@character_set_client */;
/*!50503 SET character_set_client = utf8mb4 */;
CREATE TABLE `matnamReview` (
  `mnrvSeq` bigint unsigned NOT NULL AUTO_INCREMENT,
  `mnrvDelNy` tinyint NOT NULL,
  `mnrvScore` int DEFAULT NULL,
  `mnrvText` varchar(100) COLLATE utf8mb4_unicode_ci DEFAULT NULL,
  `regIp` varchar(100) COLLATE utf8mb4_unicode_ci DEFAULT NULL,
  `regSeq` bigint DEFAULT NULL,
  `regDevise` tinyint DEFAULT NULL,
  `regDateTime` datetime DEFAULT NULL,
  `regDateTimeSvr` datetime DEFAULT NULL,
  `modIp` varchar(100) COLLATE utf8mb4_unicode_ci DEFAULT NULL,
  `modSeq` bigint DEFAULT NULL,
  `modDevise` tinyint DEFAULT NULL,
  `modDateTime` datetime DEFAULT NULL,
  `modDateTimeSvr` datetime DEFAULT NULL,
  `mnmSeq` bigint unsigned NOT NULL,
  `mnrtSeq` bigint unsigned NOT NULL,
  `mnMmSeq` bigint unsigned NOT NULL,
  PRIMARY KEY (`mnrvSeq`),
  KEY `fk_matnamReview_matnamRestaurant1_idx` (`mnrtSeq`),
  KEY `fk_matnamReview_matnamMember11_idx` (`mnMmSeq`),
  CONSTRAINT `fk_matnamReview_matnamMember11` FOREIGN KEY (`mnMmSeq`) REFERENCES `matnamMember` (`mnMmSeq`),
  CONSTRAINT `fk_matnamReview_matnamRestaurant1` FOREIGN KEY (`mnrtSeq`) REFERENCES `matnamRestaurant` (`mnrtSeq`)
) ENGINE=InnoDB AUTO_INCREMENT=69 DEFAULT CHARSET=utf8mb4 COLLATE=utf8mb4_unicode_ci;
/*!40101 SET character_set_client = @saved_cs_client */;

--
-- Dumping data for table `matnamReview`
--

LOCK TABLES `matnamReview` WRITE;
/*!40000 ALTER TABLE `matnamReview` DISABLE KEYS */;
INSERT INTO `matnamReview` VALUES (43,0,8,'식사도 빠르게 나오고 맛있습니다^^',NULL,NULL,NULL,'2022-06-19 11:35:01',NULL,NULL,NULL,NULL,NULL,NULL,0,17,140),(49,0,10,'',NULL,NULL,NULL,'2022-06-21 02:42:15',NULL,NULL,NULL,NULL,NULL,NULL,0,55,141),(51,0,7,'오후에 계시는 사장님 요리만 먹어봤는데 아주 맛있어요^^ 근데 남자분이 가끔 요리 해주실때가 있는데 요리가 좀 밍밍하게 나와요. 간 잘 맞춰주세요 ㅠㅠ',NULL,NULL,NULL,'2022-06-21 07:57:28',NULL,NULL,NULL,NULL,NULL,NULL,0,33,142),(52,0,9,'요즘 보기 드문 진짜 냉면 전문점. 버섯 샤브샤브도 맛있지만 만두전골에 샤브고기 추가가 완전 진짜다. 정말 맛있다.',NULL,NULL,NULL,'2022-06-21 08:06:44',NULL,NULL,NULL,NULL,NULL,NULL,0,43,142),(53,0,7,'새로 생긴 매장이라 깔끔하고 좋아요. 믿고 먹는 버거킹',NULL,NULL,NULL,'2022-06-21 08:07:50',NULL,NULL,NULL,NULL,NULL,NULL,0,32,142),(54,0,9,'자장면 시켜먹었는데 맛있네요!',NULL,NULL,NULL,'2022-06-22 00:58:16',NULL,NULL,NULL,NULL,NULL,NULL,0,17,143),(55,0,10,'믿고 먹는 와퍼입니다.',NULL,NULL,NULL,'2022-06-22 01:02:39',NULL,NULL,NULL,NULL,NULL,NULL,0,18,143),(56,1,9,'분위기도 너무 좋고 맛도 너무 좋습니다~',NULL,NULL,NULL,'2022-06-22 01:02:40',NULL,NULL,NULL,NULL,NULL,NULL,0,51,145),(57,0,9,'분위기도 너무 좋고 맛도 너무 좋습니다~',NULL,NULL,NULL,'2022-06-22 01:02:45',NULL,NULL,NULL,NULL,NULL,NULL,0,51,145),(58,0,9,'맥날은 빅맥이지~',NULL,NULL,NULL,'2022-06-22 01:03:09',NULL,NULL,NULL,NULL,NULL,NULL,0,20,143),(59,0,9,'살면서 이렇게 맛있는 일식요리는 처음 먹어봅니다',NULL,NULL,NULL,'2022-06-22 01:03:40',NULL,NULL,NULL,NULL,NULL,NULL,0,66,145),(60,0,6,'냉우동먹었는데 양이너무 적습니다.... ',NULL,NULL,NULL,'2022-06-22 01:03:50',NULL,NULL,NULL,NULL,NULL,NULL,0,23,143),(62,0,5,'분위기가 딱맛집인데 진짜 맛집이네요!!',NULL,NULL,NULL,'2022-06-22 01:07:12',NULL,NULL,NULL,NULL,NULL,NULL,0,24,143),(63,0,7,'맛은 그냥그런데 가격이 혜자입니다 ㅎㅎ',NULL,NULL,NULL,'2022-06-22 01:07:49',NULL,NULL,NULL,NULL,NULL,NULL,0,33,143),(64,0,7,'가격 대비 맛있습니다 !',NULL,NULL,NULL,'2022-06-22 01:10:09',NULL,NULL,NULL,NULL,NULL,NULL,0,44,143),(65,0,9,'믿고 먹는 백선생님^^',NULL,NULL,NULL,'2022-06-22 01:10:37',NULL,NULL,NULL,NULL,NULL,NULL,0,17,145),(66,0,9,'이름은 좀그런데 감성있습니다 ㅎㅎ',NULL,NULL,NULL,'2022-06-22 01:13:42',NULL,NULL,NULL,NULL,NULL,NULL,0,52,143),(67,0,9,'맥날은 베토디지~',NULL,NULL,NULL,'2022-06-22 01:45:24',NULL,NULL,NULL,NULL,NULL,NULL,0,20,150),(68,0,6,'오랜만에 먹어도 맛있네요~^^',NULL,NULL,NULL,'2022-06-22 01:45:42',NULL,NULL,NULL,NULL,NULL,NULL,0,21,150);
/*!40000 ALTER TABLE `matnamReview` ENABLE KEYS */;
UNLOCK TABLES;

--
-- Table structure for table `matnamServices`
--

DROP TABLE IF EXISTS `matnamServices`;
/*!40101 SET @saved_cs_client     = @@character_set_client */;
/*!50503 SET character_set_client = utf8mb4 */;
CREATE TABLE `matnamServices` (
  `mnsvSeq` bigint unsigned NOT NULL AUTO_INCREMENT,
  `mnsvTitle` varchar(100) COLLATE utf8mb4_unicode_ci DEFAULT NULL,
  `mnsvTypeCd` bigint DEFAULT NULL,
  `mnsvReceiptDate` datetime DEFAULT NULL,
  `mnsvDoneNy` tinyint DEFAULT NULL,
  `mnsvDesc` varchar(255) COLLATE utf8mb4_unicode_ci DEFAULT NULL,
  `mnsvDelNy` tinyint NOT NULL,
  `regIp` varchar(100) COLLATE utf8mb4_unicode_ci DEFAULT NULL,
  `regSeq` bigint DEFAULT NULL,
  `regDevise` tinyint DEFAULT NULL,
  `regDateTime` datetime DEFAULT NULL,
  `regDateTimeSvr` datetime DEFAULT NULL,
  `modIp` varchar(100) COLLATE utf8mb4_unicode_ci DEFAULT NULL,
  `modSeq` bigint DEFAULT NULL,
  `modDevise` tinyint DEFAULT NULL,
  `modDateTime` datetime DEFAULT NULL,
  `modDateTimeSvr` datetime DEFAULT NULL,
  `mnMmSeq` bigint unsigned NOT NULL,
  PRIMARY KEY (`mnsvSeq`),
  KEY `fk_matnamServices_matnamMember1_idx` (`mnMmSeq`),
  CONSTRAINT `fk_matnamServices_matnamMember1` FOREIGN KEY (`mnMmSeq`) REFERENCES `matnamMember` (`mnMmSeq`)
) ENGINE=InnoDB AUTO_INCREMENT=21 DEFAULT CHARSET=utf8mb4 COLLATE=utf8mb4_unicode_ci;
/*!40101 SET character_set_client = @saved_cs_client */;

--
-- Dumping data for table `matnamServices`
--

LOCK TABLES `matnamServices` WRITE;
/*!40000 ALTER TABLE `matnamServices` DISABLE KEYS */;
INSERT INTO `matnamServices` VALUES (19,'메인화면 음식점추천기준',18,'2022-06-21 02:49:06',0,'메인화면에 음식점추천하는 기준이 랜덤인가요?',0,NULL,NULL,NULL,NULL,NULL,NULL,NULL,NULL,NULL,NULL,143),(20,'사이트 로딩이 간혈적으로 느립니다',14,'2022-06-21 02:52:30',0,'사이트 로딩이 간혈적으로 느립니다',0,NULL,NULL,NULL,NULL,NULL,NULL,NULL,NULL,NULL,NULL,143);
/*!40000 ALTER TABLE `matnamServices` ENABLE KEYS */;
UNLOCK TABLES;

--
-- Table structure for table `matnamServicesReply`
--

DROP TABLE IF EXISTS `matnamServicesReply`;
/*!40101 SET @saved_cs_client     = @@character_set_client */;
/*!50503 SET character_set_client = utf8mb4 */;
CREATE TABLE `matnamServicesReply` (
  `mnsrSeq` bigint unsigned NOT NULL AUTO_INCREMENT,
  `mnsrContent` varchar(255) COLLATE utf8mb4_unicode_ci DEFAULT NULL,
  `mnsrDate` datetime DEFAULT NULL,
  `mnsrDesc` varchar(255) COLLATE utf8mb4_unicode_ci DEFAULT NULL,
  `mnsrDelNy` tinyint NOT NULL,
  `regIp` varchar(100) COLLATE utf8mb4_unicode_ci DEFAULT NULL,
  `regSeq` bigint DEFAULT NULL,
  `regDevise` tinyint DEFAULT NULL,
  `regDateTime` datetime DEFAULT NULL,
  `regDateTimeSvr` datetime DEFAULT NULL,
  `modIp` varchar(100) COLLATE utf8mb4_unicode_ci DEFAULT NULL,
  `modSeq` bigint DEFAULT NULL,
  `modDevise` tinyint DEFAULT NULL,
  `modDateTime` datetime DEFAULT NULL,
  `modDateTimeSvr` datetime DEFAULT NULL,
  `mnsvSeq` bigint unsigned NOT NULL,
  PRIMARY KEY (`mnsrSeq`),
  KEY `fk_matnamServicesReply_matnamServices1_idx` (`mnsvSeq`),
  CONSTRAINT `fk_matnamServicesReply_matnamServices1` FOREIGN KEY (`mnsvSeq`) REFERENCES `matnamServices` (`mnsvSeq`)
) ENGINE=InnoDB AUTO_INCREMENT=13 DEFAULT CHARSET=utf8mb4 COLLATE=utf8mb4_unicode_ci;
/*!40101 SET character_set_client = @saved_cs_client */;

--
-- Dumping data for table `matnamServicesReply`
--

LOCK TABLES `matnamServicesReply` WRITE;
/*!40000 ALTER TABLE `matnamServicesReply` DISABLE KEYS */;
/*!40000 ALTER TABLE `matnamServicesReply` ENABLE KEYS */;
UNLOCK TABLES;

--
-- Table structure for table `matnamUploaded`
--

DROP TABLE IF EXISTS `matnamUploaded`;
/*!40101 SET @saved_cs_client     = @@character_set_client */;
/*!50503 SET character_set_client = utf8mb4 */;
CREATE TABLE `matnamUploaded` (
  `Seq` bigint unsigned NOT NULL AUTO_INCREMENT,
  `typeCd` bigint DEFAULT NULL,
  `defaultNy` tinyint DEFAULT NULL,
  `sort` tinyint DEFAULT NULL,
  `originalName` varchar(100) COLLATE utf8mb4_unicode_ci DEFAULT NULL,
  `uuidName` varchar(100) COLLATE utf8mb4_unicode_ci DEFAULT NULL,
  `ext` varchar(45) COLLATE utf8mb4_unicode_ci DEFAULT NULL,
  `size` bigint DEFAULT NULL,
  `DelNy` tinyint NOT NULL,
  `pseq` bigint NOT NULL,
  `path` varchar(100) COLLATE utf8mb4_unicode_ci DEFAULT NULL,
  `regIp` varchar(100) COLLATE utf8mb4_unicode_ci DEFAULT NULL,
  `regSeq` bigint DEFAULT NULL,
  `regDevise` tinyint DEFAULT NULL,
  `regDateTime` datetime DEFAULT NULL,
  `regDateTimeSvr` datetime DEFAULT NULL,
  `modIp` varchar(100) COLLATE utf8mb4_unicode_ci DEFAULT NULL,
  `modSeq` bigint DEFAULT NULL,
  `modDevise` tinyint DEFAULT NULL,
  `modDateTime` datetime DEFAULT NULL,
  `modDateTimeSvr` datetime DEFAULT NULL,
  PRIMARY KEY (`Seq`)
) ENGINE=InnoDB AUTO_INCREMENT=154 DEFAULT CHARSET=utf8mb4 COLLATE=utf8mb4_unicode_ci;
/*!40101 SET character_set_client = @saved_cs_client */;

--
-- Dumping data for table `matnamUploaded`
--

LOCK TABLES `matnamUploaded` WRITE;
/*!40000 ALTER TABLE `matnamUploaded` DISABLE KEYS */;
INSERT INTO `matnamUploaded` VALUES (24,145,1,NULL,'c8c45d50822ce7ac.PNG','44fa619e-5668-4b30-ac06-a27901d62769.PNG','PNG',7564,0,3,'/resources/uploaded/profile/2022/06/13/',NULL,NULL,NULL,NULL,NULL,NULL,NULL,NULL,NULL,NULL),(25,145,0,NULL,'5.jpg','57ce405b-4a84-4f06-853f-1bac819fa3d1.jpg','jpg',14755,0,127,'/resources/uploaded/profile/2022/06/13/',NULL,NULL,NULL,NULL,NULL,NULL,NULL,NULL,NULL,NULL),(26,145,0,NULL,'2017-05-17 14-07-33.jpg','81a7b5a5-7c70-4d1d-bf52-78be77a6bc42.jpg','jpg',190671,0,126,'/resources/uploaded/profile/2022/06/13/',NULL,NULL,NULL,NULL,NULL,NULL,NULL,NULL,NULL,NULL),(27,145,0,NULL,'2017-05-17 14-07-33.jpg','e3bf14a3-8a33-4150-87e3-68589843b352.jpg','jpg',190671,0,133,'/resources/uploaded/profile/2022/06/13/',NULL,NULL,NULL,NULL,NULL,NULL,NULL,NULL,NULL,NULL),(28,145,0,NULL,'2017-05-17 14-12-33.jpg','7f148f8a-0c7f-44de-b77f-a16e230dc11f.jpg','jpg',130893,0,133,'/resources/uploaded/profile/2022/06/13/',NULL,NULL,NULL,NULL,NULL,NULL,NULL,NULL,NULL,NULL),(29,145,0,NULL,'Free_Sample_By_Wix.jpg','b2272a15-4a53-42d5-be77-7ed66a9f7682.jpg','jpg',7088,0,127,'/resources/uploaded/profile/2022/06/14/',NULL,NULL,NULL,NULL,NULL,NULL,NULL,NULL,NULL,NULL),(30,148,1,NULL,'다운로드.jpeg','776318c6-61b9-4072-83ec-fcc041a7b581.jpeg','jpeg',9210,0,15,'/resources/uploaded/restaurant/2022/06/14/',NULL,NULL,NULL,NULL,NULL,NULL,NULL,NULL,NULL,NULL),(31,149,1,NULL,'1581481903428.jpg','43e91c13-ab81-4fa1-9c84-1eef856bceea.jpg','jpg',126406,0,15,'/resources/uploaded/restaurant/2022/06/14/',NULL,NULL,NULL,NULL,NULL,NULL,NULL,NULL,NULL,NULL),(32,148,1,NULL,'다운로드.jpeg','8dc5a636-b4d4-4bf9-9add-da9018d476c4.jpeg','jpeg',9210,0,16,'/resources/uploaded/restaurant/2022/06/14/',NULL,NULL,NULL,NULL,NULL,NULL,NULL,NULL,NULL,NULL),(33,149,1,NULL,'1581481903428.jpg','27ecff27-c75e-442e-af6c-832ff831a28c.jpg','jpg',126406,0,16,'/resources/uploaded/restaurant/2022/06/14/',NULL,NULL,NULL,NULL,NULL,NULL,NULL,NULL,NULL,NULL),(34,144,1,NULL,'8e0d02fc-c587-415b-aa23-4b218b2fd3c2.webp','8d8b3a18-4649-4df4-b9eb-9b6be85d1dca.webp','webp',166866,0,132,'/resources/uploaded/profile/2022/06/14/',NULL,NULL,NULL,NULL,NULL,NULL,NULL,NULL,NULL,NULL),(35,145,1,NULL,'1.jpg','f4b61d0b-9693-4494-a30b-118639e4fc97.jpg','jpg',13599,0,132,'/resources/uploaded/profile/2022/06/14/',NULL,NULL,NULL,NULL,NULL,NULL,NULL,NULL,NULL,NULL),(36,145,0,NULL,'KakaoTalk_20211229_174051013.jpg','9b7a15f7-ef45-4804-b39f-7287075cd50a.jpg','jpg',211629,0,133,'/resources/uploaded/profile/2022/06/14/',NULL,NULL,NULL,NULL,NULL,NULL,NULL,NULL,NULL,NULL),(37,148,1,NULL,'다운로드.jpeg','ef3c1b69-db20-40af-89f6-637fd72663d4.jpeg','jpeg',9210,0,17,'/resources/uploaded/restaurant/2022/06/14/',NULL,NULL,NULL,NULL,NULL,NULL,NULL,NULL,NULL,NULL),(38,149,1,NULL,'1581481903428.jpg','8e3bfb42-0b78-479a-8f57-5e0306226248.jpg','jpg',126406,0,17,'/resources/uploaded/restaurant/2022/06/14/',NULL,NULL,NULL,NULL,NULL,NULL,NULL,NULL,NULL,NULL),(39,148,1,NULL,'버거킹 로고.jpg','19c19268-22eb-4758-b82d-36cfa38bf9f8.jpg','jpg',18437,0,18,'/resources/uploaded/restaurant/2022/06/14/',NULL,NULL,NULL,NULL,NULL,NULL,NULL,NULL,NULL,NULL),(40,149,1,NULL,'버거킹 신논현.jpeg','4e0f33cc-033c-4ecd-b1ed-21a889fe9bfa.jpeg','jpeg',23562,0,18,'/resources/uploaded/restaurant/2022/06/14/',NULL,NULL,NULL,NULL,NULL,NULL,NULL,NULL,NULL,NULL),(41,148,1,NULL,'다운로드.jpeg','fbbff24e-9a04-4744-a893-481f36de335e.jpeg','jpeg',9210,0,19,'/resources/uploaded/restaurant/2022/06/14/',NULL,NULL,NULL,NULL,NULL,NULL,NULL,NULL,NULL,NULL),(42,149,1,NULL,'1581481903428.jpg','a4ce4cfc-1287-4305-9faf-581a20d2833f.jpg','jpg',126406,0,19,'/resources/uploaded/restaurant/2022/06/14/',NULL,NULL,NULL,NULL,NULL,NULL,NULL,NULL,NULL,NULL),(43,144,1,NULL,'다운로드.jpeg','4fb14ee0-9375-49f8-981a-252f1cefab66.jpeg','jpeg',134014,0,135,'/resources/uploaded/profile/2022/06/15/',NULL,NULL,NULL,NULL,NULL,NULL,NULL,NULL,NULL,NULL),(44,145,1,NULL,'9915BC335A03A89F31.jpeg','4b7c58f6-0bc5-4e1d-953f-b81998079e79.jpeg','jpeg',54886,0,135,'/resources/uploaded/profile/2022/06/15/',NULL,NULL,NULL,NULL,NULL,NULL,NULL,NULL,NULL,NULL),(45,148,1,NULL,'맥도날드 로고.jpg','1a2a4d6a-6113-475d-90c2-d1ab63c7e664.jpg','jpg',47794,0,20,'/resources/uploaded/restaurant/2022/06/15/',NULL,NULL,NULL,NULL,NULL,NULL,NULL,NULL,NULL,NULL),(46,149,1,NULL,'맥도날드 강남2호점.jpg','a8a5efa8-7bc9-44e7-8dfa-2e0a1b573aa0.jpg','jpg',183188,0,20,'/resources/uploaded/restaurant/2022/06/15/',NULL,NULL,NULL,NULL,NULL,NULL,NULL,NULL,NULL,NULL),(47,149,1,NULL,'쉐이크쉑 강남점.jpeg','546b68ae-9b63-4884-8ba2-af574660991f.jpeg','jpeg',14454,0,21,'/resources/uploaded/restaurant/2022/06/15/',NULL,NULL,NULL,NULL,NULL,NULL,NULL,NULL,NULL,NULL),(48,148,1,NULL,'쉑쉑 로고.jpg','f4a39e4d-9878-45e3-be5a-f090b604782d.jpg','jpg',198073,0,21,'/resources/uploaded/restaurant/2022/06/15/',NULL,NULL,NULL,NULL,NULL,NULL,NULL,NULL,NULL,NULL),(49,149,1,NULL,'롯데리아 역삼점.jpeg','152b5d5e-d92f-4ab6-a57f-70b25c335a5f.jpeg','jpeg',12247,0,22,'/resources/uploaded/restaurant/2022/06/15/',NULL,NULL,NULL,NULL,NULL,NULL,NULL,NULL,NULL,NULL),(50,148,1,NULL,'롯데리아 로고.png','631c4dfb-dff4-4897-83db-a8b8c8a7bd00.png','png',2498,0,22,'/resources/uploaded/restaurant/2022/06/15/',NULL,NULL,NULL,NULL,NULL,NULL,NULL,NULL,NULL,NULL),(52,149,1,NULL,'아소산 겐안.jpg','eb0670c4-ffe6-4f3d-884b-b6cf40033a2e.jpg','jpg',162811,0,23,'/resources/uploaded/restaurant/2022/06/15/',NULL,NULL,NULL,NULL,NULL,NULL,NULL,NULL,NULL,NULL),(53,145,0,NULL,'12.png','88e54efc-0c3f-4cde-918d-9be62d7c8807.png','png',19532,0,133,'/resources/uploaded/profile/2022/06/17/',NULL,NULL,NULL,NULL,NULL,NULL,NULL,NULL,NULL,NULL),(54,145,1,NULL,'12.png','c11ccffd-8aca-43a0-9d81-effc7f40874b.png','png',19532,0,126,'/resources/uploaded/profile/2022/06/17/',NULL,NULL,NULL,NULL,NULL,NULL,NULL,NULL,NULL,NULL),(55,145,1,NULL,'12.png','3bcbb23b-66d0-4d58-a664-70dd42f342cf.png','png',19532,0,133,'/resources/uploaded/profile/2022/06/17/',NULL,NULL,NULL,NULL,NULL,NULL,NULL,NULL,NULL,NULL),(56,148,1,NULL,'미림분식.jpg','2a17b75a-a960-4430-b612-50d071a8ee13.jpg','jpg',107724,0,24,'/resources/uploaded/restaurant/2022/06/17/',NULL,NULL,NULL,NULL,NULL,NULL,NULL,NULL,NULL,NULL),(57,149,1,NULL,'미림분식2.jpg','f0967f5d-5565-4971-998f-66c327c4bbf1.jpg','jpg',13909,0,24,'/resources/uploaded/restaurant/2022/06/17/',NULL,NULL,NULL,NULL,NULL,NULL,NULL,NULL,NULL,NULL),(58,148,1,NULL,'버거킹 로고.jpg','9fbbaf44-2166-476a-abb2-35329c2b45fe.jpg','jpg',18437,0,25,'/resources/uploaded/restaurant/2022/06/17/',NULL,NULL,NULL,NULL,NULL,NULL,NULL,NULL,NULL,NULL),(59,149,1,NULL,'버거킹신림.jpeg','e7016e10-28cc-43bc-b784-b93570ee7d0c.jpeg','jpeg',136194,0,25,'/resources/uploaded/restaurant/2022/06/17/',NULL,NULL,NULL,NULL,NULL,NULL,NULL,NULL,NULL,NULL),(60,148,1,NULL,'버거킹 로고.jpg','8d9db442-4cac-49e8-a12d-ee0541140bbc.jpg','jpg',18437,0,26,'/resources/uploaded/restaurant/2022/06/17/',NULL,NULL,NULL,NULL,NULL,NULL,NULL,NULL,NULL,NULL),(61,149,1,NULL,'버거킹 가산이앤씨7점.jpg','7de8c628-1c37-4cfe-b8c7-bd25538c5464.jpg','jpg',167854,0,26,'/resources/uploaded/restaurant/2022/06/17/',NULL,NULL,NULL,NULL,NULL,NULL,NULL,NULL,NULL,NULL),(62,148,1,NULL,'버거킹 로고.jpg','15875a52-14f9-4277-ac56-1926034e2548.jpg','jpg',18437,0,27,'/resources/uploaded/restaurant/2022/06/17/',NULL,NULL,NULL,NULL,NULL,NULL,NULL,NULL,NULL,NULL),(63,149,1,NULL,'버거킹 영등포kt점.jpg','e9c7446d-5344-4261-8db7-937a0d8b13fe.jpg','jpg',13766,0,27,'/resources/uploaded/restaurant/2022/06/17/',NULL,NULL,NULL,NULL,NULL,NULL,NULL,NULL,NULL,NULL),(64,148,1,NULL,'버거킹 로고.jpg','639f20c1-88aa-4cd2-a924-574daae9ab05.jpg','jpg',18437,0,28,'/resources/uploaded/restaurant/2022/06/17/',NULL,NULL,NULL,NULL,NULL,NULL,NULL,NULL,NULL,NULL),(65,149,1,NULL,'버거킹 구로디지털점.jpg','b5b5a63b-f597-45f5-81d2-1c4be903374b.jpg','jpg',108256,0,28,'/resources/uploaded/restaurant/2022/06/17/',NULL,NULL,NULL,NULL,NULL,NULL,NULL,NULL,NULL,NULL),(66,148,1,NULL,'버거킹 로고.jpg','232c1e89-873b-4627-91fb-6e604c035d55.jpg','jpg',18437,0,29,'/resources/uploaded/restaurant/2022/06/17/',NULL,NULL,NULL,NULL,NULL,NULL,NULL,NULL,NULL,NULL),(67,149,1,NULL,'버거킹 서여의도점.jpg','64e69e83-dd29-4fe6-8f5c-9f140e5645ee.jpg','jpg',35947,0,29,'/resources/uploaded/restaurant/2022/06/17/',NULL,NULL,NULL,NULL,NULL,NULL,NULL,NULL,NULL,NULL),(68,148,1,NULL,'버거킹 로고.jpg','a14f0ca6-b593-4985-aadb-5cd3e4e53503.jpg','jpg',18437,0,30,'/resources/uploaded/restaurant/2022/06/17/',NULL,NULL,NULL,NULL,NULL,NULL,NULL,NULL,NULL,NULL),(69,149,1,NULL,'버거킹 구로점.jpg','8d31ee68-2d68-468a-8151-82e14e848259.jpg','jpg',162962,0,30,'/resources/uploaded/restaurant/2022/06/17/',NULL,NULL,NULL,NULL,NULL,NULL,NULL,NULL,NULL,NULL),(70,148,1,NULL,'버거킹 로고.jpg','3be9e2a2-4606-4669-92c7-cc7e022c4336.jpg','jpg',18437,0,31,'/resources/uploaded/restaurant/2022/06/17/',NULL,NULL,NULL,NULL,NULL,NULL,NULL,NULL,NULL,NULL),(71,149,1,NULL,'버거킹 구로구청점.jpg','5ca0e165-98d8-4aad-ad5f-81c61e6724d4.jpg','jpg',14086,0,31,'/resources/uploaded/restaurant/2022/06/17/',NULL,NULL,NULL,NULL,NULL,NULL,NULL,NULL,NULL,NULL),(72,148,1,NULL,'버거킹 로고.jpg','c95e5d47-ffcb-4613-a377-1756c4d22423.jpg','jpg',18437,0,32,'/resources/uploaded/restaurant/2022/06/17/',NULL,NULL,NULL,NULL,NULL,NULL,NULL,NULL,NULL,NULL),(73,149,1,NULL,'버거킹 신림미림여고입구점.jpg','51fddee1-5f4c-4cdd-adc5-b493e2b6f861.jpg','jpg',137898,0,32,'/resources/uploaded/restaurant/2022/06/17/',NULL,NULL,NULL,NULL,NULL,NULL,NULL,NULL,NULL,NULL),(74,148,1,NULL,'토토김밥 신림점.jpg','390cceed-2fd4-4773-b1b9-f85220c69b9d.jpg','jpg',225759,0,33,'/resources/uploaded/restaurant/2022/06/17/',NULL,NULL,NULL,NULL,NULL,NULL,NULL,NULL,NULL,NULL),(75,149,1,NULL,'토토김밥 신림점 매장.jpg','406125a3-846f-4cf0-a7a7-0df28023b2e3.jpg','jpg',111087,0,33,'/resources/uploaded/restaurant/2022/06/17/',NULL,NULL,NULL,NULL,NULL,NULL,NULL,NULL,NULL,NULL),(77,145,1,NULL,'시바 다단계3.jpg','3033f47f-47c5-4ec8-a100-b43cda0be5a9.jpg','jpg',130938,0,142,'/resources/uploaded/profile/2022/06/19/',NULL,NULL,NULL,NULL,NULL,NULL,NULL,NULL,NULL,NULL),(78,145,0,NULL,'Free_Sample_By_Wix.jpg','aa97b956-0f66-439d-a7d3-25cedb354eca.jpg','jpg',7088,0,140,'/resources/uploaded/profile/2022/06/19/',NULL,NULL,NULL,NULL,NULL,NULL,NULL,NULL,NULL,NULL),(79,148,1,NULL,'고야이똥 매장로고.jfif','8c0c4cdf-de9c-47b6-8a62-a0590c4a2edd.jfif','jfif',256810,0,34,'/resources/uploaded/restaurant/2022/06/20/',NULL,NULL,NULL,NULL,NULL,NULL,NULL,NULL,NULL,NULL),(80,149,1,NULL,'고양이똥 매장사진.jfif','8ec7142a-2597-4b0a-99a5-a96ebe7f6513.jfif','jfif',148666,0,34,'/resources/uploaded/restaurant/2022/06/20/',NULL,NULL,NULL,NULL,NULL,NULL,NULL,NULL,NULL,NULL),(81,148,1,NULL,'구한우곱창전문 매장로고.jfif','b31bdb53-06b1-4222-8c3a-88ac5f0a51cb.jfif','jfif',197632,0,35,'/resources/uploaded/restaurant/2022/06/20/',NULL,NULL,NULL,NULL,NULL,NULL,NULL,NULL,NULL,NULL),(82,149,1,NULL,'한우곱창전문 음식사진.jfif','107b05bd-d8cd-4541-a29a-a4febd6c3e1f.jfif','jfif',136411,0,35,'/resources/uploaded/restaurant/2022/06/20/',NULL,NULL,NULL,NULL,NULL,NULL,NULL,NULL,NULL,NULL),(83,148,1,NULL,'채선당 매장 로고.jfif','befda389-aafc-4d17-a1ff-8e55f55f2944.jfif','jfif',223489,0,36,'/resources/uploaded/restaurant/2022/06/20/',NULL,NULL,NULL,NULL,NULL,NULL,NULL,NULL,NULL,NULL),(84,149,1,NULL,'채선당 매장 사진.jfif','9695649c-f272-479d-ace5-5f5f340b4847.jfif','jfif',184484,0,36,'/resources/uploaded/restaurant/2022/06/20/',NULL,NULL,NULL,NULL,NULL,NULL,NULL,NULL,NULL,NULL),(85,148,1,NULL,'맥도날드 매장로고.jfif','40080d37-1e04-4b7d-b189-0959b697c801.jfif','jfif',197773,0,37,'/resources/uploaded/restaurant/2022/06/20/',NULL,NULL,NULL,NULL,NULL,NULL,NULL,NULL,NULL,NULL),(86,149,1,NULL,'맥도날드 매장사진.jfif','6d4d52b3-9565-4b9a-8b61-65e8849386f8.jfif','jfif',171663,0,37,'/resources/uploaded/restaurant/2022/06/20/',NULL,NULL,NULL,NULL,NULL,NULL,NULL,NULL,NULL,NULL),(87,148,1,NULL,'호치킨 매장로고.jfif','aeee6144-d2f6-47cd-acc0-8caabfe7f1c0.jfif','jfif',133990,0,38,'/resources/uploaded/restaurant/2022/06/20/',NULL,NULL,NULL,NULL,NULL,NULL,NULL,NULL,NULL,NULL),(88,149,1,NULL,'호치킨 매장사진.jfif','73493e22-069e-48d5-a360-274af99dadcd.jfif','jfif',244570,0,38,'/resources/uploaded/restaurant/2022/06/20/',NULL,NULL,NULL,NULL,NULL,NULL,NULL,NULL,NULL,NULL),(89,148,1,NULL,'윤카츠 매장로고.jfif','47bc4f46-e173-4ddb-b7e7-ee5577782668.jfif','jfif',177138,0,39,'/resources/uploaded/restaurant/2022/06/20/',NULL,NULL,NULL,NULL,NULL,NULL,NULL,NULL,NULL,NULL),(90,149,1,NULL,'윤카츠 매장사진.jfif','1e37c376-36bf-490b-b3d2-e29f921ccd62.jfif','jfif',121871,0,39,'/resources/uploaded/restaurant/2022/06/20/',NULL,NULL,NULL,NULL,NULL,NULL,NULL,NULL,NULL,NULL),(91,148,1,NULL,'비빔국수 매장로고.jfif','47845950-7970-49ad-85be-59a8304b24a5.jfif','jfif',360615,0,40,'/resources/uploaded/restaurant/2022/06/20/',NULL,NULL,NULL,NULL,NULL,NULL,NULL,NULL,NULL,NULL),(92,149,1,NULL,'비빔국수 매장사진.jfif','ec7a9f06-f362-48bc-aea9-d556ea2f7f44.jfif','jfif',188273,0,40,'/resources/uploaded/restaurant/2022/06/20/',NULL,NULL,NULL,NULL,NULL,NULL,NULL,NULL,NULL,NULL),(93,148,1,NULL,'아리수만찬 입구로고.jfif','9eb3c795-9692-454f-84d2-7d97f139a21b.jfif','jfif',274108,0,41,'/resources/uploaded/restaurant/2022/06/20/',NULL,NULL,NULL,NULL,NULL,NULL,NULL,NULL,NULL,NULL),(94,149,1,NULL,'아리수만찬 매장사진.jfif','8781fa21-3f18-4545-bf82-374827f6bd0b.jfif','jfif',151946,0,41,'/resources/uploaded/restaurant/2022/06/20/',NULL,NULL,NULL,NULL,NULL,NULL,NULL,NULL,NULL,NULL),(95,148,1,NULL,'깡통닭갈비.jpg','faee4fcf-6e38-4e16-befe-5e98466af8ae.jpg','jpg',11407,0,42,'/resources/uploaded/restaurant/2022/06/20/',NULL,NULL,NULL,NULL,NULL,NULL,NULL,NULL,NULL,NULL),(96,149,1,NULL,'깡통닭갈비매장.jpg','7f8dad2a-e34c-45fb-bfb4-619ba467d887.jpg','jpg',20804,0,42,'/resources/uploaded/restaurant/2022/06/20/',NULL,NULL,NULL,NULL,NULL,NULL,NULL,NULL,NULL,NULL),(97,148,1,NULL,'심가면옥.jpg','6a0d77fc-7020-4bae-98dd-fb87ef1d1042.jpg','jpg',11942,0,43,'/resources/uploaded/restaurant/2022/06/20/',NULL,NULL,NULL,NULL,NULL,NULL,NULL,NULL,NULL,NULL),(98,149,1,NULL,'심가면옥매장.jpg','2e4dd3bc-2cd1-4fb3-ace4-e061e0613f93.jpg','jpg',227057,0,43,'/resources/uploaded/restaurant/2022/06/20/',NULL,NULL,NULL,NULL,NULL,NULL,NULL,NULL,NULL,NULL),(99,148,1,NULL,'스시노칸도 로고.png','c56709e8-9536-4781-adfb-dd5fc8dcb59d.png','png',7697,0,44,'/resources/uploaded/restaurant/2022/06/20/',NULL,NULL,NULL,NULL,NULL,NULL,NULL,NULL,NULL,NULL),(100,149,1,NULL,'스시노칸도 타임스트림점.jpg','05ec6515-a3b0-43c2-a9d0-f259ac070eb0.jpg','jpg',9648,0,44,'/resources/uploaded/restaurant/2022/06/20/',NULL,NULL,NULL,NULL,NULL,NULL,NULL,NULL,NULL,NULL),(101,148,1,NULL,'소바식당.jpg','129e777c-ac7e-47bb-a574-a9893144535d.jpg','jpg',884440,0,45,'/resources/uploaded/restaurant/2022/06/20/',NULL,NULL,NULL,NULL,NULL,NULL,NULL,NULL,NULL,NULL),(102,149,1,NULL,'소바식당2.jpg','8c1fc955-ea26-45d4-922b-55f9ee26166e.jpg','jpg',160081,0,45,'/resources/uploaded/restaurant/2022/06/20/',NULL,NULL,NULL,NULL,NULL,NULL,NULL,NULL,NULL,NULL),(103,148,1,NULL,'카린지_린가네 스낵바.jpg','d062b1a2-55d1-4f31-a5da-4d6f4d83e252.jpg','jpg',17418,0,46,'/resources/uploaded/restaurant/2022/06/20/',NULL,NULL,NULL,NULL,NULL,NULL,NULL,NULL,NULL,NULL),(104,149,1,NULL,'카린지_린가네 스낵바1.jpg','548d590f-8e29-4a48-ad79-d4ab2d9ae677.jpg','jpg',237693,0,46,'/resources/uploaded/restaurant/2022/06/20/',NULL,NULL,NULL,NULL,NULL,NULL,NULL,NULL,NULL,NULL),(105,148,1,NULL,'낙원테산도.jpg','334f89a0-57e0-4625-b3fb-5e92c673807a.jpg','jpg',87009,0,47,'/resources/uploaded/restaurant/2022/06/20/',NULL,NULL,NULL,NULL,NULL,NULL,NULL,NULL,NULL,NULL),(106,149,1,NULL,'낙원테산도 용산아이파크몰점.jpg','cac9c094-a4d8-4069-aa04-ffb0e9bbf699.jpg','jpg',96307,0,47,'/resources/uploaded/restaurant/2022/06/20/',NULL,NULL,NULL,NULL,NULL,NULL,NULL,NULL,NULL,NULL),(107,148,1,NULL,'쮸즈.jpg','22c7ca47-15a1-4cd7-800f-a3e0ea4119ba.jpg','jpg',171603,0,48,'/resources/uploaded/restaurant/2022/06/20/',NULL,NULL,NULL,NULL,NULL,NULL,NULL,NULL,NULL,NULL),(108,149,1,NULL,'쮸즈1.jpg','190e4a85-3a1a-4df8-b1fa-d9a6038c7514.jpg','jpg',104287,0,48,'/resources/uploaded/restaurant/2022/06/20/',NULL,NULL,NULL,NULL,NULL,NULL,NULL,NULL,NULL,NULL),(109,148,1,NULL,'송화산시도삭면.jpg','e3632203-b2cb-44d4-b755-759d7f11df5f.jpg','jpg',220720,0,49,'/resources/uploaded/restaurant/2022/06/20/',NULL,NULL,NULL,NULL,NULL,NULL,NULL,NULL,NULL,NULL),(110,149,1,NULL,'송화산시도삭면1.jpg','d2ef6cb4-b918-435f-9d88-251a0d1143eb.jpg','jpg',148214,0,49,'/resources/uploaded/restaurant/2022/06/20/',NULL,NULL,NULL,NULL,NULL,NULL,NULL,NULL,NULL,NULL),(111,148,1,NULL,'무탄.jpg','8230c5a8-f447-43a9-a256-a0cad6236def.jpg','jpg',193300,0,50,'/resources/uploaded/restaurant/2022/06/20/',NULL,NULL,NULL,NULL,NULL,NULL,NULL,NULL,NULL,NULL),(112,149,1,NULL,'무탄1.jpg','d8d401f7-fb35-4516-b4e1-19b0e56a802f.jpg','jpg',10729,0,50,'/resources/uploaded/restaurant/2022/06/20/',NULL,NULL,NULL,NULL,NULL,NULL,NULL,NULL,NULL,NULL),(113,145,0,NULL,'vv.jpg','23bfc53f-0675-4538-97b9-ed76ac803c6c.jpg','jpg',34997,0,144,'/resources/uploaded/profile/2022/06/21/',NULL,NULL,NULL,NULL,NULL,NULL,NULL,NULL,NULL,NULL),(114,145,1,NULL,'2017-05-17 14-06-10.jpg','8c669744-ff7a-43d9-9045-5b422446ad0b.jpg','jpg',176205,0,143,'/resources/uploaded/profile/2022/06/21/',NULL,NULL,NULL,NULL,NULL,NULL,NULL,NULL,NULL,NULL),(115,145,0,NULL,'menu-burger-img.jpg','e623d236-0252-4881-bb14-46e51bd825e3.jpg','jpg',84507,0,144,'/resources/uploaded/profile/2022/06/21/',NULL,NULL,NULL,NULL,NULL,NULL,NULL,NULL,NULL,NULL),(116,148,1,NULL,'아리수만찬 입구로고.jfif','bd23b41f-f1e3-4ea1-8d18-93141de3b070.jfif','jfif',274108,0,51,'/resources/uploaded/restaurant/2022/06/21/',NULL,NULL,NULL,NULL,NULL,NULL,NULL,NULL,NULL,NULL),(117,149,1,NULL,'아리수만찬 매장사진.jfif','7cface25-11b8-40e1-a089-db8dfe93c351.jfif','jfif',151946,0,51,'/resources/uploaded/restaurant/2022/06/21/',NULL,NULL,NULL,NULL,NULL,NULL,NULL,NULL,NULL,NULL),(118,148,1,NULL,'고양이똥매장입구.jfif','a372adcb-acc0-47b4-8d58-074492986071.jfif','jfif',324701,0,52,'/resources/uploaded/restaurant/2022/06/21/',NULL,NULL,NULL,NULL,NULL,NULL,NULL,NULL,NULL,NULL),(119,149,1,NULL,'고양이똥 매장사진.jfif','f2785dd3-14b2-4876-bb78-3131ad890d54.jfif','jfif',148666,0,52,'/resources/uploaded/restaurant/2022/06/21/',NULL,NULL,NULL,NULL,NULL,NULL,NULL,NULL,NULL,NULL),(120,148,1,NULL,'채선당 매장 로고.jfif','aee650c1-3bc0-4aaf-82f3-0b24d4439c44.jfif','jfif',223489,0,53,'/resources/uploaded/restaurant/2022/06/21/',NULL,NULL,NULL,NULL,NULL,NULL,NULL,NULL,NULL,NULL),(121,149,1,NULL,'채선당 매장 사진.jfif','ab90c17a-8bbb-4b0a-9dc2-4df9f8000455.jfif','jfif',184484,0,53,'/resources/uploaded/restaurant/2022/06/21/',NULL,NULL,NULL,NULL,NULL,NULL,NULL,NULL,NULL,NULL),(122,148,1,NULL,'호치킨 매장로고.jfif','4b6e1bae-6862-40ef-9120-432070719d8f.jfif','jfif',133990,0,54,'/resources/uploaded/restaurant/2022/06/21/',NULL,NULL,NULL,NULL,NULL,NULL,NULL,NULL,NULL,NULL),(123,149,1,NULL,'호치킨 매장사진.jfif','769a2248-711e-44ba-a1f2-9c075110eb15.jfif','jfif',244570,0,54,'/resources/uploaded/restaurant/2022/06/21/',NULL,NULL,NULL,NULL,NULL,NULL,NULL,NULL,NULL,NULL),(124,148,1,NULL,'구한우곱창전문 매장로고.jfif','50c5e5ab-b1c9-4581-a610-a04155a7cc31.jfif','jfif',197632,0,55,'/resources/uploaded/restaurant/2022/06/21/',NULL,NULL,NULL,NULL,NULL,NULL,NULL,NULL,NULL,NULL),(125,149,1,NULL,'한우곱창전문 음식사진.jfif','1a841510-5e90-4025-b50e-a074b3f10b4d.jfif','jfif',136411,0,55,'/resources/uploaded/restaurant/2022/06/21/',NULL,NULL,NULL,NULL,NULL,NULL,NULL,NULL,NULL,NULL),(126,145,1,NULL,'menu-burger-img.jpg','31103293-eb76-44c8-ad25-5bb0a65b442c.jpg','jpg',84507,0,144,'/resources/uploaded/profile/2022/06/21/',NULL,NULL,NULL,NULL,NULL,NULL,NULL,NULL,NULL,NULL),(127,148,1,NULL,'빅소이 매장 입구.jfif','f30e2773-4c01-402e-90c9-0062518d986d.jfif','jfif',82312,0,56,'/resources/uploaded/restaurant/2022/06/21/',NULL,NULL,NULL,NULL,NULL,NULL,NULL,NULL,NULL,NULL),(128,149,1,NULL,'빅소이 매장 사진.jfif','02a39b2a-769f-4c99-a056-bcdeeafded69.jfif','jfif',255497,0,56,'/resources/uploaded/restaurant/2022/06/21/',NULL,NULL,NULL,NULL,NULL,NULL,NULL,NULL,NULL,NULL),(129,148,1,NULL,'올라 매장 입구.jfif','dd3155ee-f7ce-44d4-b24c-399d806cd393.jfif','jfif',192439,0,57,'/resources/uploaded/restaurant/2022/06/21/',NULL,NULL,NULL,NULL,NULL,NULL,NULL,NULL,NULL,NULL),(130,149,1,NULL,'올라 매장 사진.jfif','5f60876c-de56-462c-91ba-6d592983fc52.jfif','jfif',230661,0,57,'/resources/uploaded/restaurant/2022/06/21/',NULL,NULL,NULL,NULL,NULL,NULL,NULL,NULL,NULL,NULL),(131,145,0,NULL,'logo.png','99150351-b251-4e59-aea8-4ff8898b8a6b.png','png',7969,0,145,'/resources/uploaded/profile/2022/06/21/',NULL,NULL,NULL,NULL,NULL,NULL,NULL,NULL,NULL,NULL),(132,145,0,NULL,'99BB433359E8C2BF32.png','740ed83f-49f4-489d-8d3c-b099a4771534.png','png',198095,0,145,'/resources/uploaded/profile/2022/06/21/',NULL,NULL,NULL,NULL,NULL,NULL,NULL,NULL,NULL,NULL),(133,148,1,NULL,'아시안보울1.jpg','42664449-9f0d-4fab-8540-40468b5f709d.jpg','jpg',1849576,0,58,'/resources/uploaded/restaurant/2022/06/21/',NULL,NULL,NULL,NULL,NULL,NULL,NULL,NULL,NULL,NULL),(134,149,1,NULL,'아시안보울.jpg','0bb4def1-523f-4a2d-b8b3-2ee9787033bd.jpg','jpg',156698,0,58,'/resources/uploaded/restaurant/2022/06/21/',NULL,NULL,NULL,NULL,NULL,NULL,NULL,NULL,NULL,NULL),(135,148,1,NULL,'A4아시안키친.jpg','c48fb576-a3d6-43ad-b8f5-d1bc578e0b88.jpg','jpg',114125,0,59,'/resources/uploaded/restaurant/2022/06/21/',NULL,NULL,NULL,NULL,NULL,NULL,NULL,NULL,NULL,NULL),(136,149,1,NULL,'A4아시안키친1.jpg','be8224c0-b23e-46ac-aab3-d230f99e9667.jpg','jpg',127760,0,59,'/resources/uploaded/restaurant/2022/06/21/',NULL,NULL,NULL,NULL,NULL,NULL,NULL,NULL,NULL,NULL),(137,148,1,NULL,'아시안쿠진로고.jpg','e0fb2645-45b5-435b-97ff-8c808f01afca.jpg','jpg',140511,0,60,'/resources/uploaded/restaurant/2022/06/21/',NULL,NULL,NULL,NULL,NULL,NULL,NULL,NULL,NULL,NULL),(138,149,1,NULL,'아시안쿠진경복궁점.jpg','9ded7a74-f874-491c-a4b2-71e18006a491.jpg','jpg',112113,0,60,'/resources/uploaded/restaurant/2022/06/21/',NULL,NULL,NULL,NULL,NULL,NULL,NULL,NULL,NULL,NULL),(139,148,1,NULL,'세상의 모든아침.jpg','efa730df-1fbb-4f23-acaf-fe3def19f2e2.jpg','jpg',180806,0,61,'/resources/uploaded/restaurant/2022/06/21/',NULL,NULL,NULL,NULL,NULL,NULL,NULL,NULL,NULL,NULL),(140,149,1,NULL,'세상의 모든아침1.jpg','871ebd14-117c-4a9b-8c90-716f73720d6c.jpg','jpg',56745,0,61,'/resources/uploaded/restaurant/2022/06/21/',NULL,NULL,NULL,NULL,NULL,NULL,NULL,NULL,NULL,NULL),(141,148,1,NULL,'울프강 스테이크하우스 로고.jpg','2700e477-6e4a-4df4-bc61-16f7de297803.jpg','jpg',4556,0,62,'/resources/uploaded/restaurant/2022/06/22/',NULL,NULL,NULL,NULL,NULL,NULL,NULL,NULL,NULL,NULL),(142,149,1,NULL,'울프강 스테이크하우스.jpg','b0d09a75-1882-485c-a5e7-119857e8543a.jpg','jpg',176084,0,62,'/resources/uploaded/restaurant/2022/06/22/',NULL,NULL,NULL,NULL,NULL,NULL,NULL,NULL,NULL,NULL),(143,148,1,NULL,'목란.png','3dc1d7cb-1089-4206-8208-3cbda19c2d63.png','png',2454,0,63,'/resources/uploaded/restaurant/2022/06/22/',NULL,NULL,NULL,NULL,NULL,NULL,NULL,NULL,NULL,NULL),(144,149,1,NULL,'목란.jpg','198b9e53-2071-439d-ab13-189cd6b19394.jpg','jpg',168290,0,63,'/resources/uploaded/restaurant/2022/06/22/',NULL,NULL,NULL,NULL,NULL,NULL,NULL,NULL,NULL,NULL),(145,148,1,NULL,'sdam.JPG','de64d953-3f89-4c3f-8174-8c4c64d1418a.JPG','JPG',10189,0,64,'/resources/uploaded/restaurant/2022/06/22/',NULL,NULL,NULL,NULL,NULL,NULL,NULL,NULL,NULL,NULL),(146,149,1,NULL,'store1.jpg','b1a40585-4e3d-4d16-870e-9adc7916859e.jpg','jpg',814889,0,64,'/resources/uploaded/restaurant/2022/06/22/',NULL,NULL,NULL,NULL,NULL,NULL,NULL,NULL,NULL,NULL),(147,148,1,NULL,'sdam.JPG','ef6e2984-e399-4855-9d70-741dac604b02.JPG','JPG',10189,0,65,'/resources/uploaded/restaurant/2022/06/22/',NULL,NULL,NULL,NULL,NULL,NULL,NULL,NULL,NULL,NULL),(148,149,1,NULL,'store1.jpg','a953b38b-0b59-4aab-ba30-735872914650.jpg','jpg',814889,0,65,'/resources/uploaded/restaurant/2022/06/22/',NULL,NULL,NULL,NULL,NULL,NULL,NULL,NULL,NULL,NULL),(149,148,1,NULL,'asd.jfif','e197bafa-460a-4ed8-aa52-16b7d19093a3.jfif','jfif',15874,0,66,'/resources/uploaded/restaurant/2022/06/22/',NULL,NULL,NULL,NULL,NULL,NULL,NULL,NULL,NULL,NULL),(150,149,1,NULL,'ss.jfif','b2d5140a-61da-4b29-ba6b-046ac977f610.jfif','jfif',17788,0,66,'/resources/uploaded/restaurant/2022/06/22/',NULL,NULL,NULL,NULL,NULL,NULL,NULL,NULL,NULL,NULL),(151,148,1,NULL,'hgnr.jfif','03ec6b0e-2db4-4a58-b452-14fcbd745ba0.jfif','jfif',51252,0,67,'/resources/uploaded/restaurant/2022/06/22/',NULL,NULL,NULL,NULL,NULL,NULL,NULL,NULL,NULL,NULL),(152,149,1,NULL,'b.jfif','142ecc11-62c7-48aa-a9a9-be5f2f3fd3ea.jfif','jfif',228664,0,67,'/resources/uploaded/restaurant/2022/06/22/',NULL,NULL,NULL,NULL,NULL,NULL,NULL,NULL,NULL,NULL),(153,145,1,NULL,'99BB433359E8C2BF32.png','74e53603-9492-4740-aab6-645c7fe311e1.png','png',198095,0,145,'/resources/uploaded/profile/2022/06/22/',NULL,NULL,NULL,NULL,NULL,NULL,NULL,NULL,NULL,NULL);
/*!40000 ALTER TABLE `matnamUploaded` ENABLE KEYS */;
UNLOCK TABLES;
/*!40103 SET TIME_ZONE=@OLD_TIME_ZONE */;

/*!40101 SET SQL_MODE=@OLD_SQL_MODE */;
/*!40014 SET FOREIGN_KEY_CHECKS=@OLD_FOREIGN_KEY_CHECKS */;
/*!40014 SET UNIQUE_CHECKS=@OLD_UNIQUE_CHECKS */;
/*!40101 SET CHARACTER_SET_CLIENT=@OLD_CHARACTER_SET_CLIENT */;
/*!40101 SET CHARACTER_SET_RESULTS=@OLD_CHARACTER_SET_RESULTS */;
/*!40101 SET COLLATION_CONNECTION=@OLD_COLLATION_CONNECTION */;
/*!40111 SET SQL_NOTES=@OLD_SQL_NOTES */;

-- Dump completed on 2022-08-08 16:56:44
